Name,Team,Url,Type,ValueinCR,Full Name,Born,Age,National Side,Batting Style,Bowling,Sport,MatchPlayed,InningsBatted,NotOuts,RunsScored,HighestInnScore,100s,50s,4s,6s,BattingAVG,BattingS/R,CatchesTaken,StumpingsMade,Ducks,R/O,InningsBowled,Overs,Maidens,RunsConceded,Wickets,Best,3s,5s,BowlingAVG,EconomyRate,S/R,Mtc,lower
Mayank Agarwal,PBKS,https://sports.ndtv.com/cricket/players/1430-mayank-agarwal-playerprofile,Batsman ,12.0,Mayank Anurag Agarwal,"February 16, 1991 Bangalore, Karnataka","31 Years, 0 Months, 28 Days",India,Right Handed,Off break,,100.0,95.0,4.0,2131.0,106 v RR,1.0,11.0,203.0,85.0,23.41,135.47,40.0,0.0,6.0,4.0,,,,,,,,,,,,,mayank agarwal
Liam Livingstone,PBKS,https://sports.ndtv.com/cricket/players/64363-liam-stephen-livingstone-playerprofile,All-Rounder ,11.5,Liam Stephen Livingstone,"August 4, 1993 Barrow-in-Furness, Cumberland","28 Years, 7 Months, 11 Days",England,Right Handed,Leg break,IPL,9.0,9.0,1.0,112.0,44 v SRH,0.0,0.0,9.0,6.0,14.0,125.84,7.0,0.0,0.0,0.0,1.0,1.0,0.0,13.0,0.0,0/13 v MI,0.0,0.0,,13.0,,1.0,liam livingstone
Kagiso Rabada,PBKS,https://sports.ndtv.com/cricket/players/64042-kagiso-rabada-playerprofile,Bowler ,9.25,Kagiso Rabada,"May 25, 1995 Johannesburg","26 Years, 9 Months, 22 Days",South Africa,Left Handed,Right-arm fast,IPL,50.0,18.0,8.0,138.0,44 v MI,0.0,0.0,11.0,4.0,13.8,102.98,23.0,0.0,5.0,2.0,50.0,190.0,2.0,1560.0,76.0,4/21 v RCB,4.0,0.0,20.52,8.21,15.0,50.0,kagiso rabada
Shahrukh Khan,PBKS,https://sports.ndtv.com/cricket/players/113433-shahrukh-khan-playerprofile,All-Rounder ,9.0,Masood Shahrukh Khan,"May 27, 1995 Chennai, Tamil Nadu","26 Years, 9 Months, 20 Days",India,Right Handed,Off break,,11.0,10.0,3.0,153.0,47 v CSK,0.0,0.0,9.0,10.0,21.85,134.21,4.0,0.0,1.0,1.0,,,,,,,,,,,,,shahrukh khan
Shikhar Dhawan,PBKS,https://sports.ndtv.com/cricket/players/737-shikhar-dhawan-playerprofile,Batsman ,8.25,Shikhar Dhawan,"December 5, 1985 Delhi","36 Years, 3 Months, 10 Days",India,Left Handed,Off break,IPL,192.0,191.0,25.0,5784.0,106* v PBKS,2.0,44.0,654.0,124.0,34.84,126.64,82.0,0.0,11.0,16.0,6.0,8.0,0.0,66.0,4.0,1/7 v DC,0.0,0.0,16.5,8.25,12.0,6.0,shikhar dhawan
Jonny Bairstow,PBKS,https://sports.ndtv.com/cricket/players/1551-jonny-bairstow-playerprofile,Wicket-Keeper ,6.75,Jonathan Marc Bairstow,"September 26, 1989 Bradford, Yorkshire","32 Years, 5 Months, 19 Days",England,Right Handed,Right-arm medium,,28.0,28.0,3.0,1038.0,114 v RCB,1.0,7.0,99.0,46.0,41.52,142.19,18.0,4.0,2.0,0.0,,,,,,,,,,,,,jonny bairstow
Odean Smith,PBKS,https://sports.ndtv.com/cricket/players/108548-odean-smith-playerprofile,All-Rounder ,6.0,Odean Fabian Smith,"November 1, 1996 St. Elizabeth, Jamaica","25 Years, 4 Months, 14 Days",West Indies,Right Handed,Right-arm medium,,,,,,,,,,,,,,,,,,,,,,,,,,,,,odean smith
Rahul Chahar,PBKS,https://sports.ndtv.com/cricket/players/107512-rahul-chahar-playerprofile,Bowler ,5.25,Rahul Desraj Chahar,"August 4, 1999 Bharaatpur, Rajasthan","22 Years, 7 Months, 12 Days",India,Right Handed,Leg break googly,IPL,42.0,11.0,4.0,31.0,10 v SRH,0.0,0.0,3.0,0.0,4.42,96.87,11.0,0.0,4.0,1.0,41.0,150.0,0.0,1117.0,43.0,4/27 v KKR,3.0,0.0,25.97,7.44,20.93,41.0,rahul chahar
Arshdeep Singh,PBKS,https://sports.ndtv.com/cricket/players/108557-arshdeep-singh-playerprofile,Bowler ,4.0,Arshdeep Singh,"February 5, 1999 Guna, Madhya Pradesh","23 Years, 1 Months, 8 Days",India,Left Handed,Left-arm medium fast,IPL,23.0,3.0,2.0,2.0,1* v KKR,0.0,0.0,0.0,0.0,2.0,33.33,6.0,0.0,1.0,0.0,23.0,76.1,1.0,669.0,30.0,5/32 v RR,3.0,1.0,22.3,8.78,15.23,23.0,arshdeep singh
Harpreet Brar,PBKS,https://sports.ndtv.com/cricket/players/110975-harpreet-brar-playerprofile,All-Rounder ,3.8,Harpreet Brar,"September 16, 1995 Moga, Punjab","26 Years, 6 Months, 0 Days",India,Left Handed,Slow left-arm orthodox,IPL,10.0,6.0,6.0,84.0,25* v RCB,0.0,0.0,5.0,3.0,,120.0,2.0,0.0,0.0,0.0,10.0,32.0,1.0,228.0,5.0,3/19 v RCB,1.0,0.0,45.6,7.12,38.4,10.0,harpreet brar
Vaibhav Arora,PBKS,https://sports.ndtv.com/cricket/players/113442-vaibhav-arora-playerprofile,Bowler ,2.0,Vaibhav Gopal Arora,"December 14, 1997 Himachal Pradesh","24 Years, 3 Months, 1 Days",India,Right Handed,Right-arm fast medium,,,,,,,,,,,,,,,,,,,,,,,,,,,,,vaibhav arora
Raj Bawa,PBKS,https://sports.ndtv.com/cricket/players/114984-raj-angad-bawa-playerprofile,All-Rounder ,2.0,Raj Angad Bawa,"November 12, 2002 Nahan, Himachal Pradesh","19 Years, 4 Months, 3 Days",India,Left Handed,Right-arm medium fast,,,,,,,,,,,,,,,,,,,,,,,,,,,,,raj bawa
Nathan Ellis,PBKS,https://sports.ndtv.com/cricket/players/113454-nathan-ellis-playerprofile,Bowler ,0.75,Nathan Ellis,"September 22, 1994 Greenacre, New South Wales","27 Years, 5 Months, 23 Days",Australia,Right Handed,Right-arm fast medium,IPL,3.0,2.0,1.0,18.0,12 v SRH,0.0,0.0,0.0,1.0,18.0,112.5,,,0.0,0.0,3.0,11.0,0.0,90.0,1.0,1/12 v MI,0.0,0.0,90.0,8.18,66.0,3.0,nathan ellis
Prabhsimran Singh,PBKS,https://sports.ndtv.com/cricket/players/110976-simran-singh-playerprofile,Wicket-Keeper ,0.6,Prabhsimran Singh,"August 10, 2000 ","21 Years, 7 Months, 5 Days",India,Right Handed,,,5.0,5.0,0.0,50.0,16 v SRH,0.0,0.0,4.0,2.0,10.0,90.9,2.0,0.0,0.0,0.0,,,,,,,,,,,,,prabhsimran singh
Rishi Dhawan,PBKS,https://sports.ndtv.com/cricket/players/1131-rishi-dhawan-playerprofile,All-Rounder ,0.55,Rishi Dhawan,"February 19, 1990 Mandi, Himachal Pradesh","32 Years, 0 Months, 24 Days",India,Right Handed,Right-arm medium fast,IPL,26.0,17.0,10.0,153.0,25* v CSK,0.0,0.0,13.0,4.0,21.85,113.33,6.0,0.0,2.0,1.0,25.0,81.2,1.0,640.0,18.0,2/14 v RCB,0.0,0.0,35.55,7.86,27.11,25.0,rishi dhawan
Bhanuka Rajapaksa,PBKS,https://sports.ndtv.com/cricket/players/43735-pramod-bhanuka-bandara-rajapaksa-playerprofile,Batsman ,0.5,Pramod Bhanuka Bandara Rajapaksa,"October 24, 1991","30 Years, 4 Months, 23 Days",Sri Lanka,,,Cricket,,,,,,,,,,,,,,,,,,,,,,,,,,,,bhanuka rajapaksa
Sandeep Sharma,PBKS,https://sports.ndtv.com/cricket/players/1431-sandeep-sharma-playerprofile,Bowler ,0.5,Sandeep Sharma,"May 18, 1993 Patiala, Punjab","28 Years, 9 Months, 28 Days",India,Right Handed,Right-arm medium,IPL,99.0,25.0,19.0,52.0,9 v RCB,0.0,0.0,4.0,0.0,8.66,81.25,12.0,0.0,9.0,1.0,99.0,366.2,8.0,2849.0,112.0,4/20 v DC,9.0,0.0,25.43,7.77,19.62,99.0,sandeep sharma
Benny Howell,PBKS,https://sports.ndtv.com/cricket/players/45414-benny-alexander-cameron-howell-playerprofile,All-Rounder ,0.4,Benny Alexander Cameron Howell,"October 05, 1988","33 Years, 5 Months, 10 Days",England,,,Cricket,,,,,,,,,,,,,,,,,,,,,,,,,,,,benny howell
Ishan Porel,PBKS,https://sports.ndtv.com/cricket/players/108572-ishan-porel-playerprofile,Bowler ,0.25,Ishan Chandranath Porel,"September 5, 1998 Hooghly, Bengal","23 Years, 6 Months, 10 Days",India,Right Handed,Right-arm medium,IPL,1.0,0.0,0.0,,,0.0,0.0,0.0,0.0,,0.0,,,0.0,0.0,1.0,4.0,0.0,39.0,1.0,1/39 v RR,0.0,0.0,39.0,9.75,24.0,1.0,ishan porel
Prerak Mankad,PBKS,https://sports.ndtv.com/cricket/players/107510-prerak-mankad-playerprofile,All-Rounder ,0.2,Prerak Nileshkumar Mankad,"April 23, 1994 Sirohi, Saurashtra","27 Years, 10 Months, 22 Days",India,Right Handed,Right-arm medium,,,,,,,,,,,,,,,,,,,,,,,,,,,,,prerak mankad
Atharva Taide,PBKS,https://sports.ndtv.com/cricket/players/110595-atharwa-taide-playerprofile,All-Rounder ,0.2,Atharva Taide,"April 26, 2000 Akola Maharashtra","21 Years, 10 Months, 19 Days",India,Left Handed,Slow left-arm orthodox,,,,,,,,,,,,,,,,,,,,,,,,,,,,,atharva taide
Ansh Patel,PBKS,https://sports.ndtv.com/cricket/players/113486-ansh-p-patel-playerprofile,All-Rounder ,0.2,Ansh Pradipkumar Patel,"February 19, 2002 Vadodara, Gujarat","20 Years, 0 Months, 24 Days",India,Right Handed,Slow left-arm orthodox,,,,,,,,,,,,,,,,,,,,,,,,,,,,,ansh patel
Jitesh Sharma,PBKS,https://sports.ndtv.com/cricket/players/106754-jitesh-sharma-playerprofile,Wicket-Keeper ,0.2,Jitesh Mohan Sharma,"October 22, 1993 Amrawati, Maharashtra","28 Years, 4 Months, 24 Days",India,Right Handed,,,,,,,,,,,,,,,,,,,,,,,,,,,,,,jitesh sharma
Writtick Chatterjee,PBKS,https://sports.ndtv.com/cricket/players/64856-writtick-bijoy-chatterjee-playerprofile,All-Rounder ,0.2,Writtick Bijoy Chatterjee,"September 28, 1992 Jamtara, Bengal","29 Years, 5 Months, 17 Days",India,Right Handed,Off break,,,,,,,,,,,,,,,,,,,,,,,,,,,,,writtick chatterjee
Baltej Singh,PBKS,https://sports.ndtv.com/cricket/players/59711-baltej-singh-dhanda-playerprofile,Bowler ,0.2,Baltej Singh Dhanda,"November 4, 1990 Ludhiana, Punjab","31 Years, 4 Months, 11 Days",India,Right Handed,Right-arm medium,,,,,,,,,,,,,,,,,,,,,,,,,,,,,baltej singh
Kane Williamson,SRH,https://sports.ndtv.com/cricket/players/1058-kane-williamson-playerprofile,Batsman ,14.0,Kane Stuart Williamson,"August 8, 1990 Tauranga","31 Years, 7 Months, 7 Days",New Zealand,Right Handed,Off break,IPL,63.0,62.0,15.0,1885.0,89 v DC,0.0,17.0,165.0,56.0,40.1,131.26,29.0,0.0,1.0,3.0,2.0,3.0,0.0,31.0,0.0,0/7 v KKR,0.0,0.0,,10.33,,2.0,kane williamson
Nicholas Pooran,SRH,https://sports.ndtv.com/cricket/players/1720-nicolas-pooran-playerprofile,Wicket-Keeper ,10.75,Nicholas Pooran,"October 2, 1995 Trinidad","26 Years, 5 Months, 14 Days",West Indies,Left Handed,,,33.0,31.0,4.0,606.0,77 v SRH,0.0,2.0,35.0,44.0,22.44,154.98,11.0,0.0,5.0,1.0,,,,,,,,,,,,,nicholas pooran
Washington Sundar,SRH,https://sports.ndtv.com/cricket/players/108593-washington-sundar-playerprofile,All-Rounder ,8.75,Washington Sundar,"October 5, 1999 Chennai, Tamil Nadu","22 Years, 5 Months, 11 Days",India,Left Handed,Off break,IPL,42.0,26.0,10.0,217.0,35 v RR,0.0,0.0,17.0,6.0,13.56,111.28,9.0,0.0,4.0,0.0,41.0,125.0,1.0,867.0,27.0,3/16 v MI,2.0,0.0,32.11,6.93,27.77,41.0,washington sundar
Rahul Tripathi,SRH,https://sports.ndtv.com/cricket/players/12218-rahul-ajay-tripathi-playerprofile,Batsman ,8.5,Rahul Ajay Tripathi,"March 2, 1991 Ranchi, Jharkhand","31 Years, 0 Months, 14 Days",India,Right Handed,Right-arm medium,IPL,62.0,60.0,7.0,1385.0,93 v KKR,0.0,7.0,136.0,48.0,26.13,136.31,23.0,0.0,1.0,4.0,1.0,1.0,0.0,12.0,0.0,0/12 v KKR,0.0,0.0,,12.0,,1.0,rahul tripathi
Romario Shepherd,SRH,https://sports.ndtv.com/cricket/players/112280-romario-shepherd-playerprofile,All-Rounder ,7.75,Romario Shepherd,"November 26, 1994 Guyana","27 Years, 3 Months, 19 Days",West Indies,Right Handed,Right-arm medium fast,,,,,,,,,,,,,,,,,,,,,,,,,,,,,romario shepherd
Abhishek Sharma,SRH,https://sports.ndtv.com/cricket/players/108562-abhishek-sharma-playerprofile,All-Rounder ,6.5,Abhishek Sharma,"September 4, 2000 Amritsar, Punjab","21 Years, 6 Months, 11 Days",India,Left Handed,Slow left-arm orthodox,IPL,22.0,20.0,6.0,241.0,46* v RCB,0.0,0.0,17.0,12.0,17.21,139.3,5.0,0.0,0.0,1.0,14.0,22.0,0.0,176.0,7.0,2/4 v MI,0.0,0.0,25.14,8.0,18.85,14.0,abhishek sharma
Bhuvneshwar Kumar,SRH,https://sports.ndtv.com/cricket/players/1250-bhuvneshwar-kumar-playerprofile,Bowler ,4.2,Bhuvneshwar Kumar Singh,"February 5, 1990 Meerut, Uttar Pradesh","32 Years, 1 Months, 7 Days",India,Right Handed,Right-arm medium,IPL,132.0,51.0,25.0,217.0,24* v CSK,0.0,0.0,20.0,3.0,8.34,96.87,27.0,0.0,9.0,4.0,132.0,491.3,9.0,3588.0,142.0,5/19 v PBKS,9.0,1.0,25.26,7.3,20.76,132.0,bhuvneshwar kumar
Marco Jansen,SRH,https://sports.ndtv.com/cricket/players/113406-marco-jansen-playerprofile,All-Rounder ,4.2,Marco Jansen,"May 1, 2000 Potchefstroom, North West, South Africa","21 Years, 10 Months, 14 Days",South Africa,Right Handed,Left-arm fast,IPL,2.0,2.0,0.0,0.0,0 v KKR,0.0,0.0,0.0,0.0,0.0,0.0,1.0,0.0,2.0,0.0,2.0,6.0,0.0,45.0,2.0,2/28 v RCB,0.0,0.0,22.5,7.5,18.0,2.0,marco jansen
Umran Malik,SRH,https://sports.ndtv.com/cricket/players/113473-umran-malik-playerprofile,Bowler ,4.0,Umran Malik,"November 22, 1999 Srinagar, Jammu & Kashmir","22 Years, 3 Months, 24 Days",India,Right Handed,Right-arm medium fast,IPL,3.0,0.0,0.0,,,0.0,0.0,0.0,0.0,,0.0,,,0.0,0.0,3.0,12.0,0.0,96.0,2.0,1/21 v RCB,0.0,0.0,48.0,8.0,36.0,3.0,umran malik
Abdul Samad,SRH,https://sports.ndtv.com/cricket/players/113179-abdul-samad-playerprofile,Batsman ,4.0,Abdul Samad Farooq,"October 28, 2001 Kala Kot, Jammu & Kashmir","20 Years, 4 Months, 18 Days",India,Right Handed,Leg break,IPL,23.0,18.0,4.0,222.0,33 v DC,0.0,0.0,12.0,14.0,15.85,146.05,13.0,0.0,2.0,1.0,4.0,8.0,0.0,105.0,2.0,1/9 v PBKS,0.0,0.0,52.5,13.12,24.0,4.0,abdul samad
T Natarajan,SRH,https://sports.ndtv.com/cricket/players/107525-t-natarajan-playerprofile,Bowler ,4.0,Thangarasu Natarajan,"May 27, 1991 Salem","30 Years, 9 Months, 20 Days",India,Left Handed,Left-arm medium,IPL,24.0,4.0,4.0,3.0,3* v RCB,0.0,0.0,0.0,0.0,,60.0,3.0,0.0,3.0,0.0,24.0,83.3,1.0,688.0,20.0,2/24 v PBKS,0.0,0.0,34.4,8.23,25.05,24.0,t natarajan
Kartik Tyagi,SRH,https://sports.ndtv.com/cricket/players/108595-kartik-tyagi-playerprofile,Bowler ,4.0,Kartik Tyagi,"November 8, 2000 Hapur, Uttar Pradesh","21 Years, 4 Months, 7 Days",India,Right Handed,Right-arm medium fast,IPL,14.0,5.0,3.0,6.0,2* v DC,0.0,0.0,0.0,0.0,3.0,60.0,3.0,0.0,1.0,0.0,14.0,52.1,0.0,491.0,13.0,2/29 v PBKS,0.0,0.0,37.76,9.41,24.07,14.0,kartik tyagi
Aiden Markram,SRH,https://sports.ndtv.com/cricket/players/64634-aiden-kyle-markram-playerprofile,Batsman ,2.6,Aiden Kyle Markram,"October 4, 1994 Centurion","27 Years, 5 Months, 11 Days",South Africa,Right Handed,Off break,IPL,6.0,6.0,1.0,146.0,42 v MI,0.0,0.0,12.0,4.0,29.2,122.68,3.0,0.0,0.0,0.0,2.0,4.0,0.0,23.0,0.0,0/5 v RCB,0.0,0.0,,5.75,,2.0,aiden markram
Sean Abbott,SRH,https://sports.ndtv.com/cricket/players/106719-sean-abbott-playerprofile,Bowler ,2.4,Sean Anthony Abbott,"February 29, 1992 Windsor, New South Wales","30 Years, 0 Months, 15 Days",Australia,Right Handed,Right-arm fast medium,IPL,2.0,2.0,0.0,15.0,14 v SRH,0.0,0.0,1.0,1.0,7.5,115.38,,,0.0,1.0,2.0,5.0,0.0,57.0,0.0,0/21 v SRH,0.0,0.0,,11.4,,2.0,sean abbott
Glenn Phillips,SRH,https://sports.ndtv.com/cricket/players/107472-glenn-phillips-playerprofile,Wicket-Keeper ,1.5,Glenn Dominic Phillips,"December 6, 1996 East London, Eastern Cape","25 Years, 3 Months, 9 Days",New Zealand,Right Handed,Off break,IPL,3.0,3.0,1.0,26.0,14* v CSK,0.0,0.0,1.0,2.0,13.0,78.78,1.0,0.0,0.0,0.0,2.0,2.0,0.0,20.0,1.0,1/17 v KKR,0.0,0.0,20.0,10.0,12.0,2.0,glenn phillips
Shreyas Gopal,SRH,https://sports.ndtv.com/cricket/players/51296-shreyas-gopal-playerprofile,Bowler ,0.75,Shreyas Gopal,"September 4, 1993 Banglaore, Karnataka","28 Years, 6 Months, 11 Days",India,Right Handed,Leg break,IPL,48.0,21.0,7.0,171.0,24 v PBKS,0.0,0.0,17.0,2.0,12.21,105.55,11.0,0.0,4.0,2.0,47.0,155.1,1.0,1247.0,48.0,4/16 v RCB,4.0,0.0,25.97,8.03,19.39,47.0,shreyas gopal
Fazalhaq Farooqi,SRH,https://sports.ndtv.com/cricket/players/112535-fazal-haque-playerprofile,Bowler ,0.5,Fazalhaq Farooqi,"September 22, 2000 Baghlan","21 Years, 5 Months, 23 Days",Afghanistan,Right Handed,Left-arm medium,,,,,,,,,,,,,,,,,,,,,,,,,,,,,fazalhaq farooqi
Vishnu Vinod,SRH,https://sports.ndtv.com/cricket/players/107531-vishnu-vinod-playerprofile,Wicket-Keeper ,0.5,Vishnu Vinod,"December 2, 1993 Pathanamthitta, Kerala","28 Years, 3 Months, 13 Days",India,Right Handed,,,3.0,3.0,0.0,19.0,9 v DC,0.0,0.0,1.0,1.0,6.33,73.07,0.0,2.0,0.0,1.0,,,,,,,,,,,,,vishnu vinod
Priyam Garg,SRH,https://sports.ndtv.com/cricket/players/110579-priyam-garg-playerprofile,Batsman ,0.2,Priyam K Garg,"November 30, 2000 Meerut, Uttar Pradesh","21 Years, 3 Months, 15 Days",India,Right Handed,Right-arm medium,,19.0,15.0,1.0,205.0,51* v CSK,0.0,1.0,11.0,7.0,14.64,110.81,6.0,0.0,2.0,1.0,,,,,,,,,,,,,priyam garg
Saurabh Dubey,SRH,https://sports.ndtv.com/cricket/players/113468-saurabh-dubey-playerprofile,Bowler ,0.2,Saurabh Dubey,"January 23, 1998 ","24 Years, 1 Months, 20 Days",India,Right Handed,Left-arm medium fast,,,,,,,,,,,,,,,,,,,,,,,,,,,,,saurabh dubey
Jagadeesha Suchith,SRH,https://sports.ndtv.com/cricket/players/106726-jagadeesha-suchith-playerprofile,Bowler ,0.2,Jagadeesha Suchith,"January 16, 1994 Mysore","28 Years, 2 Months, -1 Days",India,Left Handed,Slow left-arm orthodox,IPL,17.0,8.0,6.0,68.0,34* v PBKS,0.0,0.0,6.0,3.0,34.0,128.3,9.0,0.0,2.0,1.0,16.0,52.0,0.0,462.0,12.0,2/14 v SRH,0.0,0.0,38.5,8.88,26.0,16.0,jagadeesha suchith
Shashank Singh,SRH,https://sports.ndtv.com/cricket/players/63951-shashank-singh-playerprofile,All-Rounder ,0.2,Shashank Singh,"November 21, 1991 Bhilai","30 Years, 3 Months, 25 Days",India,Right Handed,Off break,,,,,,,,,,,,,,,,,,,,,,,,,,,,,shashank singh
Ravikumar Samarth,SRH,https://sports.ndtv.com/cricket/players/63978-ravikumar-samarth-playerprofile,Batsman ,0.2,Ravikumar Samarth,"January 22, 1993","29 Years, 1 Months, 21 Days",India,,,Cricket,,,,,,,,,,,,,,,,,,,,,,,,,,,,ravikumar samarth
Sanju Samson,RR,https://sports.ndtv.com/cricket/players/1701-sanju-samson-playerprofile,Wicket-Keeper ,14.0,Sanju Viswanath Samson,"November 11, 1994 Pulluvila, Vizhinjam, Trivandrum","27 Years, 4 Months, 4 Days",India,Right Handed,,,121.0,117.0,12.0,3068.0,119 v PBKS,3.0,15.0,236.0,132.0,29.21,134.2,59.0,10.0,8.0,6.0,,,,,,,,,,,,,sanju samson
Prasidh Krishna,RR,https://sports.ndtv.com/cricket/players/107509-prasidh-krishna-playerprofile,Bowler ,10.0,Muralikrishna Prasidh Krishna,"February 19, 1996 Bangalore, Karnataka","26 Years, 0 Months, 25 Days",India,Right Handed,Right-arm medium fast,IPL,34.0,7.0,5.0,3.0,2* v RCB,0.0,0.0,0.0,0.0,1.5,25.0,7.0,0.0,5.0,1.0,34.0,124.2,0.0,1152.0,30.0,4/30 v SRH,2.0,0.0,38.4,9.26,24.86,34.0,prasidh krishna
Jos Buttler,RR,https://sports.ndtv.com/cricket/players/1367-jos-buttler-playerprofile,Wicket-Keeper ,10.0,Joseph Charles Buttler,"September 8, 1990 Taunton, Somerset","31 Years, 6 Months, 7 Days",England,Right Handed,,,65.0,64.0,8.0,1968.0,124 v SRH,1.0,11.0,194.0,90.0,35.14,150.0,34.0,1.0,1.0,3.0,,,,,,,,,,,,,jos buttler
Shimron Hetmyer,RR,https://sports.ndtv.com/cricket/players/107627-shimron-hetmyer-playerprofile,Batsman ,8.5,Shimron Odilon Hetmyer,"December 26, 1996 Cumberland, Berbice","25 Years, 2 Months, 20 Days",West Indies,Left Handed,,,31.0,29.0,9.0,517.0,75 v SRH,0.0,2.0,34.0,31.0,25.85,151.17,14.0,0.0,3.0,2.0,,,,,,,,,,,,,shimron hetmyer
Trent Boult,RR,https://sports.ndtv.com/cricket/players/1061-trent-boult-playerprofile,Bowler ,8.0,Trent Alexander Boult,"July 22, 1989 Rotorua","32 Years, 7 Months, 24 Days",New Zealand,Right Handed,Left-arm fast medium,IPL,62.0,10.0,7.0,13.0,6 v CSK,0.0,0.0,0.0,1.0,4.33,68.42,23.0,0.0,6.0,0.0,62.0,236.1,5.0,1983.0,76.0,4/18 v CSK,5.0,0.0,26.09,8.39,18.64,62.0,trent boult
Devdutt Padikkal,RR,https://sports.ndtv.com/cricket/players/110591-devdutt-padikkal-playerprofile,Batsman ,7.75,Devdutt Babunu Padikkal,"July 7, 2000 Edapal, Kerala","21 Years, 8 Months, 8 Days",India,Left Handed,Off break,,29.0,29.0,1.0,884.0,101* v RR,1.0,6.0,95.0,22.0,31.57,125.03,15.0,0.0,2.0,1.0,,,,,,,,,,,,,devdutt padikkal
Yuzvendra Chahal,RR,https://sports.ndtv.com/cricket/players/1394-yuzvendra-chahal-playerprofile,Bowler ,6.5,Yuzvendra Singh Chahal,"July 23, 1990 Jind, Haryana, India","31 Years, 7 Months, 23 Days",India,Right Handed,Leg break googly,IPL,114.0,18.0,12.0,32.0,8* v CSK,0.0,0.0,0.0,0.0,5.33,41.02,24.0,0.0,5.0,2.0,113.0,408.0,4.0,3097.0,139.0,4/25 v PBKS,9.0,0.0,22.28,7.59,17.61,113.0,yuzvendra chahal
Ravichandran Ashwin,RR,https://sports.ndtv.com/cricket/players/1109-ravichandran-ashwin-playerprofile,All-Rounder ,5.0,Ravichandran Ashwin,"September 17, 1986 Chennai, Tamil Nadu","35 Years, 5 Months, 28 Days",India,Right Handed,Off break,IPL,167.0,63.0,22.0,456.0,45 v KKR,0.0,0.0,37.0,12.0,11.12,109.88,37.0,0.0,15.0,5.0,164.0,583.0,4.0,4031.0,145.0,4/34 v PBKS,6.0,0.0,27.8,6.91,24.12,164.0,ravichandran ashwin
Yashasvi Jaiswal,RR,https://sports.ndtv.com/cricket/players/112646-yashasvi-jaiswal-playerprofile,Batsman ,4.0,Yashasvi Bhupendra Kumar Jaiswal,"December 28, 2001 Suriya, Uttar Pradesh","20 Years, 2 Months, 18 Days",India,Left Handed,Leg break,,13.0,13.0,0.0,289.0,50 v CSK,0.0,1.0,34.0,12.0,22.23,136.32,4.0,0.0,2.0,0.0,,,,,,,,,,,,,yashasvi jaiswal
Riyan Parag,RR,https://sports.ndtv.com/cricket/players/108566-riyan-parag-playerprofile,All-Rounder ,3.8,Riyan Parag,"November 10, 2001 Guwahati, Assam","20 Years, 4 Months, 5 Days",India,Right Handed,Leg break,IPL,30.0,23.0,3.0,339.0,50 v DC,0.0,1.0,29.0,12.0,16.95,118.53,12.0,0.0,3.0,2.0,15.0,22.1,0.0,221.0,3.0,1/7 v PBKS,0.0,0.0,73.66,9.96,44.33,15.0,riyan parag
Navdeep Saini,RR,https://sports.ndtv.com/cricket/players/64853-navdeep-amarjeet-saini-playerprofile,Bowler ,2.6,Navdeep Amarjeet Saini,"November 23, 1992 Karnal, Haryana","29 Years, 3 Months, 22 Days",India,Right Handed,Right-arm fast,IPL,28.0,6.0,3.0,31.0,12* v DC,0.0,0.0,3.0,0.0,10.33,88.57,6.0,0.0,1.0,0.0,28.0,97.4,1.0,828.0,17.0,2/24 v DC,0.0,0.0,48.7,8.47,34.47,28.0,navdeep saini
Nathan Coulter-Nile,RR,https://sports.ndtv.com/cricket/players/1424-nathan-coulter-nile-playerprofile,Bowler ,2.0,Nathan Mitchell Coulter-Nile,"October 11, 1987 Osborne Park, Western Australia","34 Years, 5 Months, 5 Days",Australia,Right Handed,Right-arm fast,IPL,38.0,16.0,5.0,81.0,24* v PBKS,0.0,0.0,7.0,4.0,7.36,115.71,12.0,0.0,1.0,1.0,37.0,139.5,1.0,1052.0,48.0,4/14 v RR,5.0,0.0,21.91,7.52,17.47,37.0,nathan coulter-nile
James Neesham,RR,https://sports.ndtv.com/cricket/players/1441-james-neesham-playerprofile,All-Rounder ,1.5,James Douglas Sheahan Neesham,"September 17, 1990 Auckland","31 Years, 5 Months, 28 Days",New Zealand,Left Handed,Right-arm medium fast,IPL,12.0,8.0,1.0,61.0,22 v CSK,0.0,0.0,3.0,2.0,8.71,92.42,1.0,0.0,2.0,0.0,12.0,33.0,0.0,305.0,8.0,3/12 v RR,1.0,0.0,38.12,9.24,24.75,12.0,james neesham
Karun Nair,RR,https://sports.ndtv.com/cricket/players/1708-karun-nair-playerprofile,Batsman ,1.4,Karun Kaladharan Nair,"December 6, 1991 Jodhpur, Rajasthan","30 Years, 3 Months, 10 Days",India,Right Handed,Off break,,73.0,66.0,5.0,1480.0,83* v SRH,0.0,10.0,160.0,39.0,24.26,128.36,22.0,0.0,3.0,1.0,,,,,,,,,,,,,karun nair
Rassie van der Dussen,RR,https://sports.ndtv.com/cricket/players/1541-rassie-van-der-dussen-playerprofile,Batsman ,1.0,,,,,,,,,,,,,,,,,,,,,,,,,,,,,,,,,,,rassie van der dussen
Obed McCoy,RR,https://sports.ndtv.com/cricket/players/110382-obed-mccoy-playerprofile,Bowler ,0.75,Obed Christopher McCoy,"January 4, 1997 ","25 Years, 2 Months, 11 Days",West Indies,Left Handed,Left-arm medium fast,,,,,,,,,,,,,,,,,,,,,,,,,,,,,obed mccoy
Daryl Mitchell,RR,https://sports.ndtv.com/cricket/players/50709-daryl-joseph-mitchell-playerprofile,All-Rounder ,0.75,Daryl Joseph Mitchell,"May 20, 1991 Hamilton","30 Years, 9 Months, 27 Days",New Zealand,Right Handed,Right-arm medium,,,,,,,,,,,,,,,,,,,,,,,,,,,,,daryl mitchell
KC Cariappa,RR,https://sports.ndtv.com/cricket/players/107051-kc-cariappa-playerprofile,Bowler ,0.3,Konganda Charamanna Cariappa,"April 13, 1994 Bangalore, Karnataka","27 Years, 11 Months, 2 Days",India,Right Handed,Leg break,IPL,11.0,5.0,2.0,24.0,12* v RCB,0.0,0.0,0.0,2.0,8.0,114.28,3.0,0.0,0.0,0.0,11.0,36.0,0.0,348.0,8.0,2/16 v RCB,0.0,0.0,43.5,9.66,27.0,11.0,kc cariappa
Tejas Baroka,RR,https://sports.ndtv.com/cricket/players/107535-tejas-baroka-playerprofile,Bowler ,0.2,Tejas Singh Baroka,"February 1, 1996 Pondicherry","26 Years, 1 Months, 12 Days",India,Right Handed,Leg break googly,IPL,1.0,0.0,0.0,,,0.0,0.0,0.0,0.0,,0.0,,,0.0,0.0,1.0,3.3,0.0,33.0,0.0,0/33 v SRH,0.0,0.0,,9.42,,1.0,tejas baroka
Kuldip Yadav,RR,https://sports.ndtv.com/cricket/players/108618-kuldip-yadav-playerprofile,Bowler ,0.2,Kuldip Yadav,"October 15, 1996 ","25 Years, 5 Months, 0 Days",India,Left Handed,Left-arm medium fast,IPL,1.0,1.0,1.0,0.0,0* v MI,0.0,0.0,0.0,0.0,,0.0,,,1.0,0.0,1.0,2.0,0.0,16.0,0.0,0/16 v MI,0.0,0.0,,8.0,,1.0,kuldip yadav
Dhruv Jurel,RR,https://sports.ndtv.com/cricket/players/112648-dhruv-jurel-playerprofile,Wicket-Keeper ,0.2,Dhruv Chand Jurel,"January 21, 2001 Agra, Uttar Pradesh","21 Years, 1 Months, 22 Days",India,Right Handed,,,,,,,,,,,,,,,,,,,,,,,,,,,,,,dhruv jurel
Kuldeep Sen,RR,https://sports.ndtv.com/cricket/players/110603-kuldeep-sen-playerprofile,Bowler ,0.2,Kuldeep Rampal Sen,"October 22, 1996 Rewa, Madhya Pradesh, India","25 Years, 4 Months, 24 Days",India,Right Handed,Right-arm fast medium,,,,,,,,,,,,,,,,,,,,,,,,,,,,,kuldeep sen
Shubham Garhwal,RR,https://sports.ndtv.com/cricket/players/115354-shubham-garhwal-playerprofile,All-Rounder ,0.2,Shubham Shankar Garhwal,"May 14, 1995 Jodhpur, Rajasthan","26 Years, 10 Months, 2 Days",India,Left Handed,Slow left-arm orthodox,,,,,,,,,,,,,,,,,,,,,,,,,,,,,shubham garhwal
Anunay Singh,RR,https://sports.ndtv.com/cricket/players/115306-anunay-singh-playerprofile,All-Rounder ,0.2,Anunay Narayan Singh,"January 3, 1993 Vaishali, Bihar","29 Years, 2 Months, 12 Days",India,Right Handed,Right-arm medium,,,,,,,,,,,,,,,,,,,,,,,,,,,,,anunay singh
Virat Kohli,RCB,https://sports.ndtv.com/cricket/players/967-virat-kohli-playerprofile,Batsman ,15.0,Virat Kohli,"November 5, 1988 Delhi","33 Years, 4 Months, 10 Days",India,Right Handed,Right-arm medium,IPL,207.0,199.0,31.0,6283.0,113 v PBKS,5.0,42.0,546.0,210.0,37.39,129.94,84.0,0.0,6.0,7.0,26.0,41.5,0.0,368.0,4.0,2/25 v DCH,0.0,0.0,92.0,8.79,62.75,26.0,virat kohli
Glenn Maxwell,RCB,https://sports.ndtv.com/cricket/players/1423-glenn-maxwell-playerprofile,All-Rounder ,11.0,Glenn James Maxwell,"October 14, 1988 Kew, Melbourne, Victoria","33 Years, 5 Months, 1 Days",Australia,Right Handed,Off break,IPL,97.0,93.0,13.0,2018.0,95 v CSK,0.0,12.0,166.0,112.0,25.22,151.84,35.0,0.0,12.0,4.0,56.0,107.0,0.0,915.0,22.0,2/15 v RCB,0.0,0.0,41.59,8.55,29.18,56.0,glenn maxwell
Harshal Patel,RCB,https://sports.ndtv.com/cricket/players/1293-harshal-patel-playerprofile,All-Rounder ,10.75,Harshal Vikram Patel,"November 23, 1990 Sanand, Gujarat","31 Years, 3 Months, 22 Days",India,Right Handed,Right-arm medium,IPL,63.0,28.0,11.0,187.0,36* v CSK,0.0,0.0,11.0,11.0,11.0,134.53,15.0,0.0,9.0,3.0,61.0,210.4,0.0,1808.0,78.0,5/27 v MI,6.0,1.0,23.17,8.58,16.2,61.0,harshal patel
Wanindu Hasaranga,RCB,https://sports.ndtv.com/cricket/players/107713-wanidu-hasaranga-playerprofile,All-Rounder ,10.75,Pinnaduwage Wanindu Hasaranga De Silva,"July 29, 1997 Galle","24 Years, 7 Months, 17 Days",Sri Lanka,Right Handed,Leg break,IPL,2.0,2.0,1.0,1.0,1* v CSK,0.0,0.0,0.0,0.0,1.0,50.0,,,1.0,0.0,2.0,6.0,0.0,60.0,0.0,0/20 v KKR,0.0,0.0,,10.0,,2.0,wanindu hasaranga
Josh Hazlewood,RCB,https://sports.ndtv.com/cricket/players/1040-josh-hazlewood-playerprofile,Bowler ,7.75,Josh Reginald Hazlewood,"January 8, 1991 Tamworth, New South Wales, Australia","31 Years, 2 Months, 7 Days",Australia,Left Handed,Right-arm fast medium,IPL,12.0,0.0,0.0,,,0.0,0.0,0.0,0.0,,0.0,1.0,0.0,0.0,0.0,12.0,45.0,0.0,357.0,12.0,3/24 v SRH,1.0,0.0,29.75,7.93,22.5,12.0,josh hazlewood
Faf du Plessis,RCB,https://sports.ndtv.com/cricket/players/1579-faf-du-plessis-playerprofile,Batsman ,7.0,Francois du Plessis,"July 13, 1984 Pretoria, Transvaal","37 Years, 8 Months, 2 Days",South Africa,Right Handed,Leg break,IPL,100.0,93.0,9.0,2935.0,96 v PBKS,0.0,22.0,265.0,96.0,34.94,131.08,66.0,0.0,5.0,9.0,1.0,1.0,0.0,16.0,0.0,0/16 v DCH,0.0,0.0,,16.0,,1.0,faf du plessis
Mohammed Siraj,RCB,https://sports.ndtv.com/cricket/players/107503-mohammed-siraj-playerprofile,Bowler ,7.0,Mohammed Siraj,"March 13, 1994 Hyderabad","28 Years, 0 Months, 2 Days",India,Right Handed,Right-arm medium fast,IPL,50.0,15.0,10.0,66.0,14 v RR,0.0,0.0,5.0,2.0,13.2,86.84,16.0,0.0,5.0,1.0,50.0,171.2,4.0,1437.0,50.0,4/32 v GL,3.0,0.0,28.74,8.38,20.56,50.0,mohammed siraj
Dinesh Karthik,RCB,https://sports.ndtv.com/cricket/players/666-dinesh-karthik-playerprofile,Wicket-Keeper ,5.5,Krishnakumar Dinesh Karthik,"June 1, 1985 Chennai, Tamil Nadu","36 Years, 9 Months, 14 Days",India,Right Handed,Off break,,213.0,192.0,35.0,4046.0,97* v RR,0.0,19.0,399.0,112.0,25.77,129.72,123.0,32.0,14.0,12.0,,,,,,,,,,,,,dinesh karthik
Anuj Rawat,RCB,https://sports.ndtv.com/cricket/players/108579-anuj-rawat-playerprofile,Wicket-Keeper ,3.4,Anuj Rawat,"October 17, 1999 Ram Nagar, Uttarakhand","22 Years, 5 Months, -1 Days",India,Left Handed,,,2.0,1.0,0.0,0.0,0 v KKR,0.0,0.0,0.0,0.0,0.0,0.0,3.0,0.0,1.0,0.0,,,,,,,,,,,,,anuj rawat
Shahbaz Ahmed,RCB,https://sports.ndtv.com/cricket/players/51351-shahbaz-ahmed-playerprofile,All-Rounder ,2.4,Shahbaz Ahmed,"December 12, 1994 Mewat, Haryana","27 Years, 3 Months, 3 Days",India,Left Handed,Slow left-arm orthodox,IPL,13.0,8.0,1.0,60.0,14 v SRH,0.0,0.0,4.0,2.0,8.57,111.11,5.0,0.0,0.0,0.0,8.0,20.0,0.0,136.0,9.0,3/7 v SRH,1.0,0.0,15.11,6.8,13.33,8.0,shahbaz ahmed
David Willey,RCB,https://sports.ndtv.com/cricket/players/25633-dj-willey-playerprofile,All-Rounder ,2.0,David Jonathan Willey,"February 28, 1990 Northampton","32 Years, 0 Months, 15 Days",England,Left Handed,Left-arm fast medium,IPL,3.0,0.0,0.0,,,0.0,0.0,0.0,0.0,,0.0,2.0,0.0,0.0,0.0,3.0,10.0,0.0,95.0,2.0,1/24 v RCB,0.0,0.0,47.5,9.5,30.0,3.0,david willey
Sherfane Rutherford,RCB,https://sports.ndtv.com/cricket/players/110388-sherfane-rutherford-playerprofile,All-Rounder ,1.0,Sherfane Eviston Rutherford,"August 15, 1998 ","23 Years, 7 Months, 0 Days",West Indies,Left Handed,Right-arm fast medium,IPL,7.0,7.0,2.0,73.0,28* v RCB,0.0,0.0,2.0,7.0,14.6,135.18,5.0,0.0,0.0,0.0,6.0,6.5,0.0,59.0,1.0,1/6 v RCB,0.0,0.0,59.0,8.63,41.0,6.0,sherfane rutherford
Mahipal Lomror,RCB,https://sports.ndtv.com/cricket/players/107234-mahipal-lomror-playerprofile,All-Rounder ,0.95,Mahipal Krishan Lomror,"November 16, 1999 Nagaur, Rajasthan","22 Years, 4 Months, 0 Days",India,Left Handed,Slow left-arm orthodox,IPL,11.0,10.0,2.0,181.0,47 v RCB,0.0,0.0,8.0,9.0,22.62,119.86,1.0,0.0,0.0,0.0,6.0,10.0,0.0,74.0,1.0,1/22 v SRH,0.0,0.0,74.0,7.4,60.0,6.0,mahipal lomror
Finn Allen,RCB,https://sports.ndtv.com/cricket/players/113428-finn-allen-playerprofile,Batsman ,0.8,Finnley Hugh Allen,"April 22, 1999 Auckland","22 Years, 10 Months, 24 Days",New Zealand,Right Handed,,,,,,,,,,,,,,,,,,,,,,,,,,,,,,finn allen
Jason Behrendorff,RCB,https://sports.ndtv.com/cricket/players/1663-jason-behrendorff-playerprofile,Bowler ,0.75,Jason Paul Behrendorff,"April 20, 1990 Camden, New South Wales","31 Years, 10 Months, 25 Days",Australia,Right Handed,Left-arm fast medium,IPL,5.0,0.0,0.0,,,0.0,0.0,0.0,0.0,,0.0,,,0.0,0.0,5.0,19.0,0.0,165.0,5.0,2/22 v CSK,0.0,0.0,33.0,8.68,22.8,5.0,jason behrendorff
Siddarth Kaul,RCB,https://sports.ndtv.com/cricket/players/1699-siddarth-kaul-playerprofile,Bowler ,0.75,Siddarth Kaul,"May 19, 1990 Pathankot, Punjab","31 Years, 9 Months, 27 Days",India,Right Handed,Right-arm medium,IPL,54.0,12.0,8.0,20.0,7* v KKR,0.0,0.0,1.0,0.0,5.0,55.55,8.0,0.0,6.0,2.0,54.0,197.3,3.0,1696.0,58.0,4/29 v RPS,3.0,0.0,29.24,8.58,20.43,54.0,siddarth kaul
Karn Sharma,RCB,https://sports.ndtv.com/cricket/players/1245-karan-sharma-playerprofile,Bowler ,0.5,Karn Vinod Sharma,"October 23, 1987 Meerut, Uttar Pradesh","34 Years, 4 Months, 24 Days",India,Left Handed,Leg break googly,IPL,68.0,35.0,14.0,317.0,39* v CSK,0.0,0.0,18.0,14.0,15.09,115.69,14.0,0.0,2.0,3.0,66.0,203.4,1.0,1610.0,59.0,4/16 v KKR,2.0,0.0,27.28,7.9,20.71,66.0,karn sharma
Suyash Prabhudessai,RCB,https://sports.ndtv.com/cricket/players/110587-suyash-prabhudessai-playerprofile,All-Rounder ,0.3,Suyash S Prabhudessai,"December 6, 1997 ","24 Years, 3 Months, 9 Days",India,Right Handed,Right-arm medium,,,,,,,,,,,,,,,,,,,,,,,,,,,,,suyash prabhudessai
Chama Milind,RCB,https://sports.ndtv.com/cricket/players/64116-chama-v-milind-playerprofile,Bowler ,0.25,,,,,,,,,,,,,,,,,,,,,,,,,,,,,,,,,,,chama milind
Aneeshwar Gautam,RCB,https://sports.ndtv.com/cricket/players/114974-aneeshwar-gautam-playerprofile,All-Rounder ,0.2,Aneeshwar Gautam Narendra,"January 16, 2003 Bengaluru, Karnataka","19 Years, 2 Months, -1 Days",India,Left Handed,Slow left-arm orthodox,,,,,,,,,,,,,,,,,,,,,,,,,,,,,aneeshwar gautam
Akash Deep,RCB,https://sports.ndtv.com/cricket/players/113443-akash-deep-playerprofile,Bowler ,0.2,Akash Deep,"December 15, 1996 Dehri, (Rotas), Bihar","25 Years, 3 Months, 0 Days",India,Right Handed,Right-arm medium,,,,,,,,,,,,,,,,,,,,,,,,,,,,,akash deep
Luvnith Sisodia,RCB,https://sports.ndtv.com/cricket/players/115304-luvnith-sisodia-playerprofile,Wicket-Keeper ,0.2,Luvnith Sujith Sisodia,"January 15, 2000 Bangalore, Karnataka","22 Years, 2 Months, 1 Days",India,Left Handed,Left-arm medium,,,,,,,,,,,,,,,,,,,,,,,,,,,,,luvnith sisodia
Rohit Sharma,MI,https://sports.ndtv.com/cricket/players/857-rohit-sharma-playerprofile,Batsman ,16.0,Rohit Gurunath Sharma,"April 30, 1987 Bansod, Nagpur, Maharashtra","34 Years, 10 Months, 16 Days",India,Right Handed,Off break,IPL,213.0,208.0,28.0,5611.0,109* v KKR,1.0,40.0,491.0,227.0,31.17,130.39,90.0,0.0,13.0,11.0,32.0,56.3,0.0,453.0,15.0,4/6 v MI,1.0,0.0,30.2,8.01,22.6,32.0,rohit sharma
Ishan Kishan,MI,https://sports.ndtv.com/cricket/players/107047-ishan-kishan-playerprofile,Wicket-Keeper ,15.25,Ishan Pranav Kumar Pandey Kishan,"July 18, 1998 Patna, Bihar","23 Years, 7 Months, 28 Days",India,Left Handed,Left-arm medium,,61.0,56.0,5.0,1452.0,99 v RCB,0.0,9.0,121.0,74.0,28.47,136.33,19.0,2.0,5.0,5.0,,,,,,,,,,,,,ishan kishan
Jasprit Bumrah,MI,https://sports.ndtv.com/cricket/players/1724-jasprit-bumrah-playerprofile,Bowler ,12.0,Jasprit Jasbirsingh Bumrah,"December 6, 1993 Ahmedabad","28 Years, 3 Months, 9 Days",India,Right Handed,Right-arm fast,IPL,106.0,20.0,15.0,56.0,16* v RPS,0.0,0.0,4.0,1.0,11.2,96.55,13.0,0.0,7.0,1.0,106.0,403.4,5.0,2997.0,130.0,4/14 v DC,14.0,0.0,23.05,7.42,18.63,106.0,jasprit bumrah
Tim David,MI,https://sports.ndtv.com/cricket/players/111686-tim-david-playerprofile,All-Rounder ,8.25,Timothy Hays David,"March 16, 1996 ","26 Years, 0 Months, -1 Days",Singapore,Right Handed,Off break,,1.0,1.0,0.0,1.0,1 v CSK,0.0,0.0,0.0,0.0,1.0,33.33,,,0.0,0.0,,,,,,,,,,,,,tim david
Jofra Archer,MI,https://sports.ndtv.com/cricket/players/64664-jofra-archer-playerprofile,All-Rounder ,8.0,Jofra Chioke Archer,"April 1, 1995 Bridgetown, Barbados","26 Years, 11 Months, 15 Days",England,Right Handed,Right-arm fast,IPL,35.0,23.0,10.0,195.0,27* v CSK,0.0,0.0,11.0,14.0,15.0,157.25,9.0,0.0,5.0,1.0,35.0,137.3,2.0,981.0,46.0,3/15 v PBKS,6.0,0.0,21.32,7.13,17.93,35.0,jofra archer
Suryakumar Yadav,MI,https://sports.ndtv.com/cricket/players/1492-suryakumar-yadav-playerprofile,Batsman ,8.0,Suryakumar Ashok Yadav,"September 14, 1990 Mumbai, Maharashtra","31 Years, 6 Months, 1 Days",India,Right Handed,Right-arm medium,IPL,115.0,100.0,19.0,2341.0,82 v SRH,0.0,13.0,261.0,68.0,28.9,135.71,55.0,0.0,7.0,5.0,1.0,1.0,0.0,8.0,0.0,0/8 v DC,0.0,0.0,,8.0,,1.0,suryakumar yadav
Kieron Pollard,MI,https://sports.ndtv.com/cricket/players/907-kieron-pollard-playerprofile,All-Rounder ,6.0,Kieron Adrian Pollard,"May 12, 1987 Tacarigua, Trinidad","34 Years, 10 Months, 4 Days",West Indies,Right Handed,Right-arm medium,IPL,178.0,160.0,51.0,3268.0,87* v CSK,0.0,16.0,212.0,214.0,29.98,149.77,96.0,0.0,8.0,4.0,101.0,234.0,0.0,2055.0,65.0,4/44 v RR,2.0,0.0,31.61,8.78,21.6,101.0,kieron pollard
Dewald Brevis,MI,https://sports.ndtv.com/cricket/players/115001-dewald-brevis-playerprofile,Batsman ,3.0,Dewald Brevis,"April 29, 2003 Johannesburg","18 Years, 10 Months, 17 Days",South Africa,Right Handed,Leg break,,,,,,,,,,,,,,,,,,,,,,,,,,,,,dewald brevis
Daniel Sams,MI,https://sports.ndtv.com/cricket/players/113155-daniel-sams-playerprofile,All-Rounder ,2.6,Daniel Richard Sams,"October 27, 1992 Milperra, New South Wales","29 Years, 4 Months, 19 Days",Australia,Right Handed,Left-arm fast medium,IPL,5.0,3.0,1.0,6.0,3* v DC,0.0,0.0,0.0,0.0,3.0,75.0,3.0,0.0,1.0,0.0,5.0,18.0,0.0,153.0,1.0,1/24 v PBKS,0.0,0.0,153.0,8.5,108.0,5.0,daniel sams
Tilak Varma,MI,https://sports.ndtv.com/cricket/players/112645-tilak-varma-playerprofile,All-Rounder ,1.7,Namboori Thakur Tilak Varma,"November 8, 2002 Hyderabad, Andhra Pradesh","19 Years, 4 Months, 7 Days",India,Left Handed,Off break,,,,,,,,,,,,,,,,,,,,,,,,,,,,,tilak varma
Murugan Ashwin,MI,https://sports.ndtv.com/cricket/players/63773-murugan-ashwin-playerprofile,Bowler ,1.6,Murugan Ashwin,"September 8, 1990 Chennai, Tamil Nadu","31 Years, 6 Months, 7 Days",India,Right Handed,Leg break googly,IPL,34.0,8.0,2.0,23.0,9 v SRH,0.0,0.0,1.0,0.0,3.83,63.88,7.0,0.0,1.0,1.0,34.0,112.0,0.0,881.0,26.0,3/21 v RCB,2.0,0.0,33.88,7.86,25.84,34.0,murugan ashwin
Tymal Mills,MI,https://sports.ndtv.com/cricket/players/51462-tymal-solomon-mills-playerprofile,Bowler ,1.5,Tymal Solomon Mills,"August 12, 1992 Dewsbury, Yorkshire","29 Years, 7 Months, 3 Days",England,Right Handed,Left-arm fast,IPL,5.0,3.0,0.0,8.0,6 v SRH,0.0,0.0,0.0,1.0,2.66,72.72,1.0,0.0,1.0,0.0,5.0,17.5,0.0,153.0,5.0,2/31 v KKR,0.0,0.0,30.6,8.57,21.4,5.0,tymal mills
Jaydev Unadkat,MI,https://sports.ndtv.com/cricket/players/1298-jaydev-unadkat-playerprofile,Bowler ,1.3,Jaydev Dipakbhai Unadkat,"October 18, 1991 Porbandar","30 Years, 4 Months, 29 Days",India,Right Handed,Left-arm medium,IPL,86.0,21.0,12.0,105.0,26 v KKR,0.0,0.0,9.0,3.0,11.66,109.37,24.0,0.0,8.0,1.0,85.0,296.0,3.0,2588.0,85.0,5/25 v DC,5.0,2.0,30.44,8.74,20.89,85.0,jaydev unadkat
Riley Meredith,MI,https://sports.ndtv.com/cricket/players/113157-riley-meredith-playerprofile,Bowler ,1.0,Riley Patrick Meredith,"June 21, 1996 Hobart, Tasmania","25 Years, 8 Months, 24 Days",Australia,Right Handed,Right-arm fast,IPL,5.0,1.0,1.0,0.0,0 v RR,0.0,0.0,0.0,0.0,,0.0,,,1.0,0.0,5.0,17.0,0.0,169.0,4.0,1/29 v RCB,0.0,0.0,42.25,9.94,25.5,5.0,riley meredith
Fabian Allen,MI,https://sports.ndtv.com/cricket/players/64663-fabian-allen-playerprofile,All-Rounder ,0.75,Fabian Anthony Allen,"May 7, 1995 Kingston, Jamaica","26 Years, 10 Months, 9 Days",West Indies,Right Handed,Slow left-arm orthodox,IPL,4.0,3.0,2.0,6.0,6 v SRH,0.0,0.0,0.0,0.0,6.0,50.0,2.0,0.0,2.0,0.0,3.0,11.0,1.0,90.0,1.0,1/22 v SRH,0.0,0.0,90.0,8.18,66.0,3.0,fabian allen
Mayank Markande,MI,https://sports.ndtv.com/cricket/players/108589-mayank-markande-playerprofile,Bowler ,0.65,Mayank Markande,"November 11, 1997 Bathinda, Punjab","24 Years, 4 Months, 4 Days",India,Right Handed,Leg break,IPL,18.0,8.0,5.0,27.0,7* v PBKS,0.0,0.0,3.0,0.0,9.0,93.1,3.0,0.0,2.0,0.0,18.0,53.0,0.0,453.0,16.0,4/23 v SRH,1.0,0.0,28.31,8.54,19.87,18.0,mayank markande
Sanjay Yadav,MI,https://sports.ndtv.com/cricket/players/107487-r-sanjay-yadav-playerprofile,All-Rounder ,0.5,Ramsingh Sanjay Yadav,"May 10, 1995 Gorakhpur, Uttar Pradesh","26 Years, 10 Months, 6 Days",India,Left Handed,Slow left-arm orthodox,,,,,,,,,,,,,,,,,,,,,,,,,,,,,sanjay yadav
Basil Thampi,MI,https://sports.ndtv.com/cricket/players/106722-basil-thampi-playerprofile,Bowler ,0.3,Basil Thampi,"September 11, 1993 Ernakulam, Kerala","28 Years, 6 Months, 4 Days",India,Right Handed,Right-arm fast medium,IPL,20.0,8.0,7.0,32.0,13* v SRH,0.0,0.0,1.0,1.0,32.0,91.42,4.0,0.0,2.0,0.0,20.0,70.5,0.0,694.0,17.0,3/29 v MI,1.0,0.0,40.82,9.79,25.0,20.0,basil thampi
Arjun Tendulkar,MI,https://sports.ndtv.com/cricket/players/106841-arjun-tendulkar-playerprofile,All-Rounder ,0.3,Arjun Sachin Tendulkar,"September 24, 1999 Mumbai","22 Years, 5 Months, 22 Days",India,Left Handed,Left-arm medium fast,,,,,,,,,,,,,,,,,,,,,,,,,,,,,arjun tendulkar
Ramandeep Singh,MI,https://sports.ndtv.com/cricket/players/108554-ramandeep-singh-playerprofile,All-Rounder ,0.2,Ramandeep Singh,"April 13, 1997 Chandigarh","24 Years, 11 Months, 2 Days",India,Right Handed,Right-arm medium,,,,,,,,,,,,,,,,,,,,,,,,,,,,,ramandeep singh
Anmolpreet Singh,MI,https://sports.ndtv.com/cricket/players/108576-anmolpreet-singh-playerprofile,Batsman ,0.2,Anmolpreet Singh,"March 28, 1998 Patiala, Punjab","23 Years, 11 Months, 18 Days",India,Right Handed,Off break,,1.0,1.0,0.0,16.0,16 v CSK,0.0,0.0,2.0,1.0,16.0,114.28,,,0.0,0.0,,,,,,,,,,,,,anmolpreet singh
Aryan Juyal,MI,https://sports.ndtv.com/cricket/players/110596-aryan-juyal-playerprofile,Wicket-Keeper ,0.2,Aryan Juyal,"November 11, 2001 Moradabad, Uttar Pradesh","20 Years, 4 Months, 4 Days",India,Right Handed,,,,,,,,,,,,,,,,,,,,,,,,,,,,,,aryan juyal
Arshad Khan,MI,https://sports.ndtv.com/cricket/players/115342-arshad-khan-playerprofile,All-Rounder ,0.2,Mohd Arshad Khan,"December 20, 1997 Gopalganj","24 Years, 2 Months, 26 Days",India,Left Handed,Left-arm medium,,,,,,,,,,,,,,,,,,,,,,,,,,,,,arshad khan
Rahul Buddhi,MI,https://sports.ndtv.com/cricket/players/115338-rahul-buddhi-playerprofile,Batsman ,0.2,Rahul Ravinder Buddhi,"September 20, 1997 Hyderabad","24 Years, 5 Months, 25 Days",India,Left Handed,Off break,,,,,,,,,,,,,,,,,,,,,,,,,,,,,rahul buddhi
Hrithik Shokeen,MI,https://sports.ndtv.com/cricket/players/115315-hrithik-shokeen-playerprofile,All-Rounder ,0.2,Hrithik Rakesh Shokeen,"August 14, 2000 Delhi","21 Years, 7 Months, 1 Days",India,Right Handed,Off break,,,,,,,,,,,,,,,,,,,,,,,,,,,,,hrithik shokeen
Ravindra Jadeja,CSK,https://sports.ndtv.com/cricket/players/855-ravindra-jadeja-playerprofile,All-Rounder ,16.0,Ravindrasinh Anirudhsinh Jadeja,"December 6, 1988 Navagam-Khed, Saurashtra","33 Years, 3 Months, 9 Days",India,Left Handed,Slow left-arm orthodox,IPL,200.0,151.0,63.0,2386.0,62* v RCB,0.0,2.0,176.0,85.0,27.11,128.14,81.0,0.0,10.0,5.0,171.0,501.1,2.0,3816.0,127.0,5/16 v DCH,8.0,1.0,30.04,7.61,23.67,171.0,ravindra jadeja
Deepak Chahar,CSK,https://sports.ndtv.com/cricket/players/60022-deepak-lokandersingh-chahar-playerprofile,Bowler ,14.0,Deepak Lokandersingh Chahar,"August 7, 1992 Agra, Uttar Pradesh","29 Years, 7 Months, 8 Days",India,Right Handed,Right-arm medium,IPL,63.0,12.0,5.0,79.0,39 v PBKS,0.0,0.0,2.0,6.0,11.28,138.59,12.0,0.0,4.0,0.0,63.0,220.4,6.0,1722.0,59.0,4/13 v PBKS,3.0,0.0,29.18,7.8,22.44,63.0,deepak chahar
MS Dhoni,CSK,https://sports.ndtv.com/cricket/players/700-ms-dhoni-playerprofile,Wicket-Keeper ,12.0,Mahendra Singh Dhoni,"July 7, 1981 Ranchi, Bihar (now Jharkhand)","40 Years, 8 Months, 8 Days",India,Right Handed,Right-arm medium,,220.0,193.0,73.0,4746.0,84* v RCB,0.0,23.0,325.0,219.0,39.55,135.83,126.0,39.0,5.0,9.0,,,,,,,,,,,,,ms dhoni
Moeen Ali,CSK,https://sports.ndtv.com/cricket/players/42413-moeen-munir-ali-playerprofile,All-Rounder ,8.0,Moeen Munir Ali,"June 18, 1987 Birmingham, Warwickshire","34 Years, 8 Months, 28 Days",England,Left Handed,Off break,IPL,34.0,32.0,3.0,666.0,66 v KKR,0.0,4.0,52.0,42.0,22.96,146.37,11.0,0.0,4.0,3.0,27.0,68.3,0.0,469.0,16.0,3/7 v RR,1.0,0.0,29.31,6.84,25.68,27.0,moeen ali
Ambati Rayudu,CSK,https://sports.ndtv.com/cricket/players/1003-ambati-rayudu-playerprofile,Wicket-Keeper ,6.75,Ambati Thirupathi Rayudu,"September 23, 1985 Guntur,Andhra Pradesh","36 Years, 5 Months, 22 Days",India,Right Handed,Off break,,175.0,164.0,31.0,3916.0,100* v SRH,1.0,21.0,324.0,149.0,29.44,127.47,58.0,2.0,14.0,14.0,,,,,,,,,,,,,ambati rayudu
Ruturaj Gaikwad,CSK,https://sports.ndtv.com/cricket/players/108591-ruturaj-gaikwad-playerprofile,Batsman ,6.0,Ruturaj Dashrat Gaikwad,"January 31, 1997 Pune, Maharashtra","25 Years, 1 Months, 12 Days",India,Right Handed,Off break,,22.0,22.0,4.0,839.0,101* v RR,1.0,7.0,80.0,29.0,46.61,132.12,10.0,0.0,2.0,1.0,,,,,,,,,,,,,ruturaj gaikwad
Dwayne Bravo,CSK,https://sports.ndtv.com/cricket/players/626-dwayne-bravo-playerprofile,All-Rounder ,4.4,Dwayne John Bravo,"October 7, 1983 Santa Cruz, Trinidad","38 Years, 5 Months, 9 Days",West Indies,Right Handed,Right-arm medium,IPL,151.0,107.0,40.0,1537.0,70* v PBKS,0.0,5.0,119.0,65.0,22.94,130.25,77.0,0.0,8.0,2.0,148.0,485.3,2.0,4061.0,167.0,4/22 v PBKS,12.0,0.0,24.31,8.36,17.44,148.0,dwayne bravo
Shivam Dube,CSK,https://sports.ndtv.com/cricket/players/107521-shivam-dubey-playerprofile,All-Rounder ,4.0,Shivam Dube,"June 26, 1993 Mumbai","28 Years, 8 Months, 19 Days",India,Left Handed,Right-arm medium,IPL,24.0,22.0,4.0,399.0,64* v CSK,0.0,1.0,24.0,22.0,22.16,120.54,5.0,0.0,0.0,1.0,11.0,15.4,0.0,130.0,4.0,2/15 v SRH,0.0,0.0,32.5,8.29,23.5,11.0,shivam dube
Chris Jordan,CSK,https://sports.ndtv.com/cricket/players/1573-chris-jordan-playerprofile,All-Rounder ,3.6,Christopher James Jordan,"October 4, 1988 Barbados","33 Years, 5 Months, 11 Days",England,Right Handed,Right-arm fast medium,IPL,24.0,9.0,2.0,64.0,30 v KKR,0.0,0.0,3.0,3.0,9.14,112.28,9.0,0.0,2.0,2.0,24.0,76.3,0.0,698.0,25.0,4/11 v GL,2.0,0.0,27.92,9.12,18.36,24.0,chris jordan
Robin Uthappa,CSK,https://sports.ndtv.com/cricket/players/738-robin-uthappa-playerprofile,Batsman ,2.0,Robin Venu Uthappa,"November 11, 1985 Coorg, Karnataka","36 Years, 4 Months, 4 Days",India,Right Handed,Right-arm medium,,193.0,186.0,17.0,4722.0,87 v RPS,0.0,25.0,462.0,168.0,27.94,130.15,87.0,32.0,7.0,9.0,,,,,,,,,,,,,robin uthappa
Mitchell Santner,CSK,https://sports.ndtv.com/cricket/players/51086-mitchell-josef-santner-playerprofile,All-Rounder ,1.9,Mitchell Josef Santner,"February 5, 1992 Hamilton","30 Years, 1 Months, 8 Days",New Zealand,Left Handed,Slow left-arm orthodox,IPL,6.0,2.0,1.0,32.0,22 v MI,0.0,0.0,0.0,3.0,32.0,139.13,2.0,0.0,0.0,0.0,6.0,21.0,0.0,147.0,6.0,2/13 v MI,0.0,0.0,24.5,7.0,21.0,6.0,mitchell santner
Adam Milne,CSK,https://sports.ndtv.com/cricket/players/1510-adam-milne-playerprofile,Bowler ,1.9,Adam Fraser Milne,"April 13, 1992 Palmerston North","29 Years, 11 Months, 2 Days",New Zealand,Right Handed,Right-arm fast,IPL,9.0,6.0,2.0,23.0,15 v CSK,0.0,0.0,0.0,1.0,5.75,79.31,7.0,0.0,2.0,0.0,9.0,32.0,0.0,308.0,7.0,2/21 v CSK,0.0,0.0,44.0,9.62,27.42,9.0,adam milne
Rajvardhan Hangargekar,CSK,https://sports.ndtv.com/cricket/players/114985-rajvardhan-hangargekar-playerprofile,All-Rounder ,1.5,Rajvardhan S Hangargekar,"November 10, 2002 Tuljapur, Maharashtra","19 Years, 4 Months, 5 Days",India,Right Handed,Right-arm medium,,,,,,,,,,,,,,,,,,,,,,,,,,,,,rajvardhan hangargekar
Prashant Solanki,CSK,https://sports.ndtv.com/cricket/players/115325-prashant-solanki-playerprofile,Bowler ,1.2,Prashant Hitesh Solanki,"February 22, 2000 ","22 Years, 0 Months, 22 Days",India,Right Handed,Leg break,,,,,,,,,,,,,,,,,,,,,,,,,,,,,prashant solanki
Devon Conway,CSK,https://sports.ndtv.com/cricket/players/45400-devon-philip-conway-playerprofile,Batsman ,1.0,Devon Philip Conway,"July 8, 1991 Johannesburg, Transvaal","30 Years, 8 Months, 8 Days",South Africa,Left Handed,Right-arm medium,,,,,,,,,,,,,,,,,,,,,,,,,,,,,devon conway
Maheesh Theekshana,CSK,https://sports.ndtv.com/cricket/players/113459-maheesh-theekshana-playerprofile,Bowler ,0.7,Morawakage Maheesh Theekshana,"August 1, 2000 Colombo","21 Years, 7 Months, 14 Days",Sri Lanka,Right Handed,Off break,,,,,,,,,,,,,,,,,,,,,,,,,,,,,maheesh theekshana
Dwaine Pretorius,CSK,https://sports.ndtv.com/cricket/players/1603-dwaine-pretorius-playerprofile,All-Rounder ,0.5,,,,,,,,,,,,,,,,,,,,,,,,,,,,,,,,,,,dwaine pretorius
Narayan Jagadeesan,CSK,https://sports.ndtv.com/cricket/players/108567-narayan-jagadeesan-playerprofile,Wicket-Keeper ,0.2,Narayan Jagadeesan,"December 24, 1995 Coimbatore, Tamil Nadu","26 Years, 2 Months, 23 Days",India,Right Handed,,,5.0,2.0,0.0,33.0,33 v RCB,0.0,0.0,4.0,0.0,16.5,113.79,,,1.0,1.0,,,,,,,,,,,,,narayan jagadeesan
KM Asif,CSK,https://sports.ndtv.com/cricket/players/108603-km-asif-playerprofile,Bowler ,0.2,KM Asif,"July 24, 1993 Edavanna,Malappuram","28 Years, 7 Months, 22 Days",India,Right Handed,Right-arm medium,IPL,3.0,0.0,0.0,,,0.0,0.0,0.0,0.0,,0.0,,,0.0,0.0,3.0,8.1,0.0,93.0,4.0,2/43 v DC,0.0,0.0,23.25,11.38,12.25,3.0,km asif
Tushar Deshpande,CSK,https://sports.ndtv.com/cricket/players/107528-tushar-deshpande-playerprofile,Bowler ,0.2,Tushar Uday Deshpande,"May 15, 1995 Mumbai","26 Years, 10 Months, 1 Days",India,Left Handed,Right-arm medium,IPL,5.0,2.0,1.0,21.0,20* v SRH,0.0,0.0,2.0,1.0,21.0,175.0,1.0,0.0,0.0,0.0,5.0,17.0,0.0,192.0,3.0,2/37 v RR,0.0,0.0,64.0,11.29,34.0,5.0,tushar deshpande
Subhranshu Senapati,CSK,https://sports.ndtv.com/cricket/players/113463-subhranshu-senapati-playerprofile,Batsman ,0.2,Subhranshu Pradeep Senapati,"December 30, 1996 Keonijhar, Orissa","25 Years, 2 Months, 16 Days",India,Right Handed,Right-arm medium,,,,,,,,,,,,,,,,,,,,,,,,,,,,,subhranshu senapati
Bhagath Varma,CSK,https://sports.ndtv.com/cricket/players/113485-k-bhagath-varma-playerprofile,All-Rounder ,0.2,Kanumuri Bhagath Varma,"September 21, 1998 Hyderabad, Andrha Pradesh","23 Years, 5 Months, 24 Days",India,Right Handed,Off break,,,,,,,,,,,,,,,,,,,,,,,,,,,,,bhagath varma
Simarjeet Singh,CSK,https://sports.ndtv.com/cricket/players/113456-simarjeet-singh-playerprofile,Bowler ,0.2,Simarjeet Singh,"January 17, 1998 Delhi","24 Years, 1 Months, 26 Days",India,Right Handed,Right-arm fast medium,,,,,,,,,,,,,,,,,,,,,,,,,,,,,simarjeet singh
Hari Nishaanth,CSK,https://sports.ndtv.com/cricket/players/113431-c-hari-nishanth-playerprofile,Batsman ,0.2,Chezhian Nishaanth,"August 16, 1996 Ooty (now Udagamandalam), Tamil Nadu","25 Years, 7 Months, -1 Days",India,Left Handed,Off break,,,,,,,,,,,,,,,,,,,,,,,,,,,,,hari nishaanth
Mukesh Choudhary,CSK,https://sports.ndtv.com/cricket/players/113453-mukesh-choudhary-playerprofile,Bowler ,0.2,Mukesh Choudhary,"July 6, 1996 Pardodas, Bhilwara, Rajsthan","25 Years, 8 Months, 9 Days",India,Left Handed,Left-arm fast medium,,,,,,,,,,,,,,,,,,,,,,,,,,,,,mukesh choudhary
Shreyas Iyer,KKR,https://sports.ndtv.com/cricket/players/64384-shreyas-santosh-iyer-playerprofile,Batsman ,12.25,Shreyas Santosh Iyer,"December 6, 1994 Mumbai","27 Years, 3 Months, 9 Days",India,Right Handed,Leg break googly,,87.0,87.0,12.0,2375.0,96 v GL,0.0,16.0,196.0,88.0,31.66,123.95,34.0,0.0,6.0,4.0,,,,,,,,,,,,,shreyas iyer
Andre Russell,KKR,https://sports.ndtv.com/cricket/players/1536-andre-russell-playerprofile,All-Rounder ,12.0,Andre Dwayne Russell,"April 29, 1988 Jamaica","33 Years, 10 Months, 16 Days",West Indies,Right Handed,Right-arm fast,IPL,84.0,70.0,12.0,1700.0,88* v CSK,0.0,9.0,119.0,143.0,29.31,178.57,25.0,0.0,3.0,5.0,76.0,210.1,0.0,1901.0,72.0,5/15 v MI,6.0,1.0,26.4,9.04,17.51,76.0,andre russell
Nitish Rana,KKR,https://sports.ndtv.com/cricket/players/64080-nitish-rana-playerprofile,All-Rounder ,8.0,Nitish Rana,"December 27, 1993 Delhi","28 Years, 2 Months, 19 Days",India,Left Handed,Off break,IPL,77.0,71.0,7.0,1820.0,87 v CSK,0.0,13.0,161.0,89.0,28.43,132.46,15.0,0.0,6.0,3.0,16.0,19.1,0.0,154.0,7.0,2/11 v RCB,0.0,0.0,22.0,8.03,16.42,16.0,nitish rana
Varun Chakravarthy,KKR,https://sports.ndtv.com/cricket/players/110973-varun-chakravarthy-playerprofile,Bowler ,8.0,Varun Chakravarthy Vinod,"August 29, 1991 Bidar, Karnataka","30 Years, 6 Months, 18 Days",India,Right Handed,Leg break googly,IPL,31.0,6.0,3.0,12.0,7* v RCB,0.0,0.0,0.0,0.0,4.0,63.15,4.0,0.0,2.0,2.0,31.0,123.0,0.0,839.0,36.0,5/20 v DC,1.0,1.0,23.3,6.82,20.5,31.0,varun chakravarthy
Venkatesh Iyer,KKR,https://sports.ndtv.com/cricket/players/110573-venkatesh-iyer-playerprofile,All-Rounder ,8.0,Venkatesh Rajasekaran Iyer,"December 25, 1994 Indore, Madhya Pradesh","27 Years, 2 Months, 21 Days",India,Left Handed,Right-arm medium,IPL,10.0,10.0,1.0,370.0,67 v PBKS,0.0,4.0,37.0,14.0,41.11,128.47,7.0,0.0,0.0,0.0,4.0,8.3,0.0,69.0,3.0,2/29 v DC,0.0,0.0,23.0,8.11,17.0,4.0,venkatesh iyer
Shivam Mavi,KKR,https://sports.ndtv.com/cricket/players/108563-shivam-mavi-playerprofile,All-Rounder ,7.25,Shivam Pankaj Mavi,"November 26, 1998 Noida, Uttar Pradesh","23 Years, 3 Months, 19 Days",India,Right Handed,Right-arm fast medium,IPL,26.0,9.0,2.0,48.0,20 v CSK,0.0,0.0,4.0,2.0,6.85,97.95,12.0,0.0,3.0,0.0,26.0,86.1,2.0,715.0,25.0,4/21 v RR,0.0,0.0,28.6,8.29,20.68,26.0,shivam mavi
Pat Cummins,KKR,https://sports.ndtv.com/cricket/players/1656-pat-cummins-playerprofile,All-Rounder ,7.25,Patrick James Cummins,"May 8, 1993 Westmead, Sydney","28 Years, 10 Months, 7 Days",Australia,Right Handed,Right-arm fast,IPL,37.0,26.0,10.0,316.0,66* v CSK,0.0,2.0,19.0,20.0,19.75,140.44,7.0,0.0,4.0,0.0,37.0,139.0,1.0,1145.0,38.0,4/34 v RR,2.0,0.0,30.13,8.23,21.94,37.0,pat cummins
Sunil Narine,KKR,https://sports.ndtv.com/cricket/players/1456-sunil-narine-playerprofile,All-Rounder ,6.0,Sunil Philip Narine,"May 26, 1988 Arima","33 Years, 9 Months, 20 Days",West Indies,Left Handed,Off break,IPL,134.0,76.0,15.0,954.0,75 v PBKS,0.0,4.0,106.0,57.0,15.63,161.69,21.0,0.0,13.0,5.0,133.0,520.1,3.0,3508.0,143.0,5/19 v PBKS,6.0,1.0,24.53,6.74,21.82,133.0,sunil narine
Umesh Yadav,KKR,https://sports.ndtv.com/cricket/players/1258-umesh-yadav-playerprofile,Bowler ,2.0,Umeshkumar Tilak Yadav,"October 25, 1987 Nagpur, Maharashtra","34 Years, 4 Months, 22 Days",India,Right Handed,Right-arm fast,IPL,121.0,38.0,24.0,122.0,24* v RR,0.0,0.0,11.0,4.0,8.71,95.31,29.0,0.0,11.0,2.0,120.0,420.2,3.0,3579.0,119.0,4/24 v RR,12.0,0.0,30.07,8.51,21.19,120.0,umesh yadav
Sam Billings,KKR,https://sports.ndtv.com/cricket/players/51406-samuel-william-billings-playerprofile,Wicket-Keeper ,2.0,Samuel William Billings,"June 15, 1991 Pembury, Kent","30 Years, 9 Months, 1 Days",England,Right Handed,,,22.0,19.0,0.0,334.0,56 v KKR,0.0,3.0,31.0,10.0,17.57,133.6,13.0,0.0,3.0,1.0,,,,,,,,,,,,,sam billings
Tim Southee,KKR,https://sports.ndtv.com/cricket/players/1032-tim-southee-playerprofile,Bowler ,1.5,Timothy Grant Southee,"December 11, 1988 Whangarei, Northland","33 Years, 3 Months, 4 Days",New Zealand,Right Handed,Right-arm medium fast,IPL,43.0,15.0,6.0,118.0,36* v CSK,0.0,0.0,8.0,4.0,13.11,124.21,19.0,0.0,1.0,3.0,43.0,160.0,2.0,1388.0,31.0,3/24 v SRH,2.0,0.0,44.77,8.67,30.96,43.0,tim southee
Alex Hales,KKR,https://sports.ndtv.com/cricket/players/1562-alex-hales-playerprofile,Batsman ,1.5,Alexander Daniel Hales,"January 3, 1989 Hillingdon, Middlesex","33 Years, 2 Months, 12 Days",England,Right Handed,Right-arm medium,,6.0,6.0,0.0,148.0,45 v DC,0.0,0.0,13.0,6.0,24.66,125.42,2.0,0.0,,,,,,,,,,,,,,,alex hales
Mohammad Nabi,KKR,https://sports.ndtv.com/cricket/players/1313-mohammad-nabi-playerprofile,All-Rounder ,1.0,Mohammad Nabi,"January 1, 1985 Loger, Afghanistan","37 Years, 2 Months, 14 Days",Afghanistan,Right Handed,Off break,IPL,17.0,14.0,2.0,180.0,31 v MI,0.0,0.0,16.0,9.0,15.0,151.26,11.0,0.0,0.0,1.0,17.0,57.1,0.0,408.0,13.0,4/11 v RCB,0.0,0.0,31.38,7.13,26.38,17.0,mohammad nabi
Ajinkya Rahane,KKR,https://sports.ndtv.com/cricket/players/965-ajinkya-rahane-playerprofile,Batsman ,1.0,Ajinkya Madhukar Rahane,"June 6, 1988 Ashwi-KD,Maharashtra","33 Years, 9 Months, 9 Days",India,Right Handed,Right-arm medium,IPL,151.0,141.0,16.0,3941.0,105* v DC,2.0,28.0,417.0,76.0,31.52,121.33,58.0,0.0,13.0,7.0,1.0,1.0,0.0,5.0,1.0,1/5 v PBKS,0.0,0.0,5.0,5.0,6.0,1.0,ajinkya rahane
Sheldon Jackson,KKR,https://sports.ndtv.com/cricket/players/27641-sheldon-philip-jackson-playerprofile,Wicket-Keeper ,0.6,,,,,,,,,,,,,,,,,,,,,,,,,,,,,,,,,,,sheldon jackson
Rinku Singh,KKR,https://sports.ndtv.com/cricket/players/106742-rinku-singh-playerprofile,Batsman ,0.55,Rinku Khanchand Singh,"October 12, 1997 Aligarh, Uttar Pradesh","24 Years, 5 Months, 3 Days",India,Left Handed,Off break,,10.0,8.0,1.0,77.0,30 v SRH,0.0,0.0,6.0,2.0,11.0,101.31,6.0,0.0,0.0,0.0,,,,,,,,,,,,,rinku singh
Ashok Sharma,KKR,https://sports.ndtv.com/cricket/players/115359-ashok-sharma-playerprofile,Bowler ,0.55,Ashok Sharma,"June 17, 2002 ","19 Years, 8 Months, 28 Days",India,Right Handed,Right-arm medium fast,,,,,,,,,,,,,,,,,,,,,,,,,,,,,ashok sharma
Chamika Karunaratne,KKR,https://sports.ndtv.com/cricket/players/64316-chamika-karunaratne-playerprofile,All-Rounder ,0.5,Chamika Karunaratne,"May 29, 1996","25 Years, 9 Months, 17 Days",Sri Lanka,,,Cricket,,,,,,,,,,,,,,,,,,,,,,,,,,,,chamika karunaratne
Abhijeet Tomar,KKR,https://sports.ndtv.com/cricket/players/108580-abhijeet-tomar-playerprofile,Batsman ,0.4,Abhijeet Tomar,"March 14, 1995 Jaipur, Rajasthan","27 Years, 0 Months, 2 Days",India,Right Handed,Off break,,,,,,,,,,,,,,,,,,,,,,,,,,,,,abhijeet tomar
Anukul Roy,KKR,https://sports.ndtv.com/cricket/players/108575-anukul-roy-playerprofile,All-Rounder ,0.2,Anukul Sudhakar Roy,"November 30, 1998 Saraikela Kharswan, Jharkhand","23 Years, 3 Months, 15 Days",India,Left Handed,Slow left-arm orthodox,IPL,1.0,0.0,0.0,,,0.0,0.0,0.0,0.0,,0.0,,,0.0,0.0,1.0,2.0,0.0,11.0,1.0,1/11 v CSK,0.0,0.0,11.0,5.5,12.0,1.0,anukul roy
Pratham Singh,KKR,https://sports.ndtv.com/cricket/players/107537-pratham-singh-playerprofile,Batsman ,0.2,Pratham Singh,"August 31, 1992 Delhi","29 Years, 6 Months, 15 Days",India,Left Handed,Off break,,,,,,,,,,,,,,,,,,,,,,,,,,,,,pratham singh
Rasikh Dar,KKR,https://sports.ndtv.com/cricket/players/110974-rasikh-salam-playerprofile,Bowler ,0.2,Rasikh Salam Dar,"April 5, 2001 ","20 Years, 11 Months, 10 Days",India,Right Handed,Right-arm medium,IPL,1.0,1.0,1.0,5.0,5* v DC,0.0,0.0,0.0,0.0,,125.0,1.0,0.0,0.0,0.0,1.0,4.0,0.0,42.0,0.0,0/42 v DC,0.0,0.0,,10.5,,1.0,rasikh dar
Ramesh Kumar,KKR,https://sports.ndtv.com/cricket/players/115360-ramesh-kumar-playerprofile,Batsman ,0.2,Ramesh Kumar,"January 1, 1999 ","23 Years, 2 Months, 14 Days",India,Left Handed,,,,,,,,,,,,,,,,,,,,,,,,,,,,,,ramesh kumar
Aman Khan,KKR,https://sports.ndtv.com/cricket/players/115300-aman-khan-playerprofile,All-Rounder ,0.2,Aman Hakim Khan,"November 23, 1996 ","25 Years, 3 Months, 22 Days",India,Right Handed,Right-arm medium,,,,,,,,,,,,,,,,,,,,,,,,,,,,,aman khan
Baba Indrajith,KKR,https://sports.ndtv.com/cricket/players/64703-baba-indrajith-playerprofile,Wicket-Keeper ,0.2,Baba Indrajith,"July 8, 1994 Madras (now Chennai)","27 Years, 8 Months, 7 Days",India,Right Handed,Leg break googly,,,,,,,,,,,,,,,,,,,,,,,,,,,,,baba indrajith
Rishabh Pant,DC,https://sports.ndtv.com/cricket/players/107048-rishabh-pant-playerprofile,Wicket-Keeper ,16.0,Rishabh Rajendra Pant,"October 4, 1997 Haridwar, Uttarakhand","24 Years, 5 Months, 11 Days",India,Left Handed,,,84.0,84.0,13.0,2498.0,128* v SRH,1.0,15.0,225.0,113.0,35.18,147.46,56.0,14.0,4.0,6.0,,,,,,,,,,,,,rishabh pant
Shardul Thakur,DC,https://sports.ndtv.com/cricket/players/63779-shardul-narendra-thakur-playerprofile,Bowler ,10.75,Shardul Narendra Thakur,"October 16, 1991 Palghar, Maharashtra","30 Years, 5 Months, 0 Days",India,Right Handed,Right-arm medium fast,IPL,61.0,14.0,6.0,53.0,15* v SRH,0.0,0.0,5.0,1.0,6.62,112.76,17.0,0.0,5.0,2.0,60.0,210.0,2.0,1867.0,67.0,3/19 v PBKS,5.0,0.0,27.86,8.89,18.8,60.0,shardul thakur
Axar Patel,DC,https://sports.ndtv.com/cricket/players/63024-akshar-rajeshbhai-patel-playerprofile,All-Rounder ,9.0,Axar Rajeshbhai Patel,"January 20, 1994 Anand, Gujarat","28 Years, 1 Months, 23 Days",India,Left Handed,Slow left-arm orthodox,IPL,109.0,78.0,23.0,953.0,44 v DC,0.0,0.0,55.0,44.0,17.32,125.23,44.0,0.0,7.0,6.0,108.0,382.3,2.0,2762.0,95.0,4/21 v GL,3.0,0.0,29.07,7.22,24.15,108.0,axar patel
Prithvi Shaw,DC,https://sports.ndtv.com/cricket/players/107533-prithvi-shaw-playerprofile,Batsman ,7.5,Prithvi Pankaj Shaw,"November 9, 1999 Thane, Maharashtra","22 Years, 4 Months, 7 Days",India,Right Handed,Off break,,53.0,53.0,0.0,1305.0,99 v KKR,0.0,10.0,155.0,45.0,24.62,146.3,11.0,0.0,4.0,3.0,,,,,,,,,,,,,prithvi shaw
Mitchell Marsh,DC,https://sports.ndtv.com/cricket/players/1425-mitchell-marsh-playerprofile,All-Rounder ,6.5,Mitchell Ross Marsh,"October 20, 1991 Attadale, Perth","30 Years, 4 Months, 27 Days",Australia,Right Handed,Right-arm medium,IPL,21.0,15.0,2.0,225.0,38 v MI,0.0,0.0,9.0,14.0,17.3,114.21,7.0,0.0,1.0,1.0,19.0,53.1,0.0,420.0,20.0,4/25 v DCH,0.0,0.0,21.0,7.89,15.95,19.0,mitchell marsh
Anrich Nortje,DC,https://sports.ndtv.com/cricket/players/64072-anrich-nortje-playerprofile,Bowler ,6.5,Anrich Arno Nortje,"November 16, 1993 ","28 Years, 4 Months, -1 Days",South Africa,Right Handed,Right-arm fast,IPL,24.0,5.0,4.0,7.0,3* v PBKS,0.0,0.0,0.0,0.0,7.0,116.66,5.0,0.0,2.0,0.0,24.0,91.2,1.0,699.0,34.0,3/33 v KKR,2.0,0.0,20.55,7.65,16.11,24.0,anrich nortje
David Warner,DC,https://sports.ndtv.com/cricket/players/1285-david-warner-playerprofile,Batsman ,6.25,David Andrew Warner,"October 27, 1986 Paddington, New South Wales","35 Years, 4 Months, 19 Days",Australia,Left Handed,Leg break,IPL,150.0,150.0,19.0,5449.0,126 v KKR,4.0,50.0,525.0,201.0,41.59,139.96,68.0,0.0,8.0,9.0,1.0,0.1,0.0,2.0,0.0,0/2 v DC,0.0,0.0,,12.0,,1.0,david warner
Khaleel Ahmed,DC,https://sports.ndtv.com/cricket/players/107233-khaleel-ahmed-playerprofile,Bowler ,5.25,Khaleel Khursheed Ahmed,"December 5, 1997 Tonk, Rajasthan","24 Years, 3 Months, 10 Days",India,Right Handed,Left-arm medium,IPL,24.0,3.0,0.0,1.0,1 v MI,0.0,0.0,0.0,0.0,0.33,20.0,1.0,0.0,2.0,1.0,24.0,90.3,0.0,786.0,32.0,3/21 v PBKS,6.0,0.0,24.56,8.68,16.96,24.0,khaleel ahmed
Chetan Sakariya,DC,https://sports.ndtv.com/cricket/players/110598-chetan-sakariya-playerprofile,Bowler ,4.2,Chetan Sakariya,"February 28, 1998 Bhavnagar","24 Years, 0 Months, 15 Days",India,Left Handed,Left-arm medium fast,IPL,14.0,6.0,1.0,16.0,7 v PBKS,0.0,0.0,2.0,0.0,3.2,64.0,4.0,0.0,2.0,1.0,14.0,52.0,1.0,426.0,14.0,3/31 v PBKS,2.0,0.0,30.42,8.19,22.28,14.0,chetan sakariya
Rovman Powell,DC,https://sports.ndtv.com/cricket/players/107485-rovman-powell-playerprofile,Batsman ,2.8,Rovman Powell,"July 23, 1993 ","28 Years, 7 Months, 23 Days",West Indies,Right Handed,Right-arm medium fast,,,,,,,,,,,,,,,,,,,,,,,,,,,,,rovman powell
Kuldeep Yadav,DC,https://sports.ndtv.com/cricket/players/63624-kuldeep-yadav-playerprofile,Bowler ,2.0,Kuldeep Yadav,"December 14, 1994 Kanpur, Uttar Pradesh","27 Years, 3 Months, 1 Days",India,Left Handed,Slow left-arm chinaman,IPL,45.0,11.0,5.0,57.0,16 v MI,0.0,0.0,5.0,0.0,9.5,76.0,11.0,0.0,3.0,3.0,43.0,149.2,0.0,1236.0,40.0,4/20 v RR,2.0,0.0,30.9,8.27,22.4,43.0,kuldeep yadav
Srikar Bharat,DC,https://sports.ndtv.com/cricket/players/60643-kona-srikar-bharat-playerprofile,Wicket-Keeper ,2.0,Kona Srikar Bharat,"October 3, 1993 Visakhapatnam, Andhra Pradesh","28 Years, 5 Months, 12 Days",India,Right Handed,,,8.0,7.0,2.0,191.0,78* v DC,0.0,1.0,10.0,8.0,38.2,122.43,4.0,1.0,1.0,0.0,,,,,,,,,,,,,srikar bharat
Mustafizur Rahman,DC,https://sports.ndtv.com/cricket/players/64306-mustafizur-rahman-playerprofile,Bowler ,2.0,Mustafizur Rahman,"September 6, 1995 Satkhira","26 Years, 6 Months, 10 Days",Bangladesh,Left Handed,Left-arm fast medium,IPL,38.0,7.0,6.0,9.0,8* v MI,0.0,0.0,0.0,1.0,9.0,52.94,5.0,0.0,5.0,0.0,38.0,143.0,1.0,1121.0,38.0,3/16 v MI,3.0,0.0,29.5,7.83,22.57,38.0,mustafizur rahman
Kamlesh Nagarkoti,DC,https://sports.ndtv.com/cricket/players/108584-kamlesh-nagarkoti-playerprofile,All-Rounder ,1.1,Kamlesh Lachham Nagarkoti,"December 28, 1999 Barmer, Rajasthan","22 Years, 2 Months, 19 Days",India,Right Handed,Right-arm fast,IPL,11.0,7.0,3.0,22.0,8* v RR,0.0,0.0,1.0,0.0,5.5,66.66,4.0,0.0,2.0,0.0,10.0,28.0,0.0,256.0,5.0,2/13 v RR,0.0,0.0,51.2,9.14,33.6,10.0,kamlesh nagarkoti
Mandeep Singh,DC,https://sports.ndtv.com/cricket/players/1429-mandeep-singh-playerprofile,Batsman ,1.1,Mandeep Singh,"December 18, 1991 Jalandhar, Punjab","30 Years, 2 Months, 29 Days",India,Right Handed,Right-arm medium,IPL,105.0,92.0,16.0,1674.0,77* v PWI,0.0,6.0,172.0,37.0,22.02,124.09,37.0,0.0,12.0,3.0,2.0,2.0,0.0,26.0,0.0,0/8 v RR,0.0,0.0,,13.0,,2.0,mandeep singh
Lalit Yadav,DC,https://sports.ndtv.com/cricket/players/108549-lalit-yadav-playerprofile,All-Rounder ,0.65,Lalit Yadav,"January 3, 1997 Delhi","25 Years, 2 Months, 12 Days",India,Right Handed,Off break,IPL,7.0,5.0,3.0,68.0,22* v MI,0.0,0.0,7.0,0.0,34.0,93.15,5.0,0.0,1.0,0.0,5.0,14.0,0.0,101.0,4.0,2/13 v KKR,0.0,0.0,25.25,7.21,21.0,5.0,lalit yadav
Yash Dhull,DC,https://sports.ndtv.com/cricket/players/114978-yash-dhull-playerprofile,All-Rounder ,0.5,Yash Vijay Dhull,"November 11, 2002 ","19 Years, 4 Months, 4 Days",India,Right Handed,Off break,,,,,,,,,,,,,,,,,,,,,,,,,,,,,yash dhull
Lungi Ngidi,DC,https://sports.ndtv.com/cricket/players/64640-lungisani-ngidi-playerprofile,Bowler ,0.5,Lungisani True-man Ngidi,"March 29, 1996 Durban, Natal","25 Years, 11 Months, 17 Days",South Africa,Right Handed,Right-arm fast medium,IPL,14.0,0.0,0.0,,,0.0,0.0,0.0,0.0,,0.0,2.0,0.0,0.0,0.0,14.0,54.0,2.0,448.0,25.0,4/10 v PBKS,3.0,0.0,17.92,8.29,12.96,14.0,lungi ngidi
Tim Seifert,DC,https://sports.ndtv.com/cricket/players/64292-tim-l-seifert-playerprofile,Wicket-Keeper ,0.5,Tim Louis Seifert,"December 14, 1994 Wanganui","27 Years, 3 Months, 1 Days",New Zealand,Right Handed,,,1.0,1.0,0.0,2.0,2 v PBKS,0.0,0.0,0.0,0.0,2.0,50.0,,,0.0,1.0,,,,,,,,,,,,,tim seifert
Pravin Dubey,DC,https://sports.ndtv.com/cricket/players/63981-praveen-dubey-playerprofile,All-Rounder ,0.5,Pravin Dubey,"July 1, 1993 Azamgarh, Uttar Pradesh","28 Years, 8 Months, 14 Days",India,Right Handed,Leg break googly,IPL,3.0,1.0,1.0,7.0,7* v MI,0.0,0.0,0.0,0.0,,53.84,1.0,0.0,0.0,0.0,3.0,8.0,0.0,72.0,0.0,0/14 v SRH,0.0,0.0,,9.0,,3.0,pravin dubey
Ashwin Hebbar,DC,https://sports.ndtv.com/cricket/players/110570-ashwin-hebbar-playerprofile,Batsman ,0.2,Kattingeri Ashwin Hebbar,"November 15, 1995 Nellore, Andhra Pradesh","26 Years, 4 Months, 1 Days",India,Right Handed,Right-arm medium,,,,,,,,,,,,,,,,,,,,,,,,,,,,,ashwin hebbar
Ripal Patel,DC,https://sports.ndtv.com/cricket/players/113434-ripal-patel-playerprofile,All-Rounder ,0.2,Ripal Vinubhai Patel,"September 28, 1995 Nadiad","26 Years, 5 Months, 18 Days",India,Right Handed,Right-arm medium fast,IPL,2.0,2.0,1.0,25.0,18 v CSK,0.0,0.0,3.0,0.0,25.0,92.59,,,0.0,0.0,1.0,3.0,0.0,22.0,0.0,0/22 v RCB,0.0,0.0,,7.33,,1.0,ripal patel
Vicky Ostwal,DC,https://sports.ndtv.com/cricket/players/114987-vicky-ostwal-playerprofile,All-Rounder ,0.2,Vicky Kanhaiya Ostwal,"September 1, 2002 ","19 Years, 6 Months, 14 Days",India,Right Handed,Slow left-arm orthodox,,,,,,,,,,,,,,,,,,,,,,,,,,,,,vicky ostwal
Sarfaraz Khan,DC,https://sports.ndtv.com/cricket/players/64385-sarfaraz-naushad-khan-playerprofile,All-Rounder ,0.2,Sarfaraz Naushad Khan,"October 22, 1997 Mumbai","24 Years, 4 Months, 24 Days",India,Right Handed,Leg break,IPL,40.0,28.0,9.0,441.0,67 v CSK,0.0,1.0,50.0,11.0,23.21,138.24,6.0,0.0,4.0,1.0,1.0,0.2,0.0,6.0,0.0,0/6 v RCB,0.0,0.0,,18.0,,1.0,sarfaraz khan
KL Rahul,LSG,https://sports.ndtv.com/cricket/players/1688-lokesh-rahul-playerprofile,Wicket-keeper ,17.0,Kannaur Lokesh Rahul,"April 18, 1992 Bangalore, Karnataka","29 Years, 10 Months, 27 Days",India,Right Handed,,,94.0,85.0,16.0,3273.0,132* v RCB,2.0,27.0,282.0,134.0,47.43,136.37,50.0,5.0,2.0,2.0,,,,,,,,,,,,,kl rahul
Avesh Khan,LSG,https://sports.ndtv.com/cricket/players/64916-avesh-khan-playerprofile,Bowler ,10.0,Avesh Khan,"December 13, 1996 Indore, Madhya Pradesh","25 Years, 3 Months, 2 Days",India,Right Handed,Right-arm medium fast,IPL,25.0,2.0,1.0,9.0,5 v KKR,0.0,0.0,2.0,0.0,9.0,150.0,5.0,0.0,0.0,1.0,25.0,91.0,0.0,749.0,29.0,3/13 v KKR,4.0,0.0,25.82,8.23,18.82,25.0,avesh khan
Marcus Stoinis,LSG,https://sports.ndtv.com/cricket/players/42327-marcus-peter-stoinis-playerprofile,All-Rounder ,9.2,Marcus Peter Stoinis,"August 16, 1989 Perth","32 Years, 7 Months, -1 Days",Australia,Right Handed,Right-arm medium,IPL,56.0,49.0,16.0,914.0,65 v MI,0.0,4.0,76.0,35.0,27.69,135.81,12.0,0.0,5.0,2.0,45.0,102.0,0.0,969.0,30.0,4/15 v MI,2.0,0.0,32.3,9.5,20.4,45.0,marcus stoinis
Jason Holder,LSG,https://sports.ndtv.com/cricket/players/1446-jason-holder-playerprofile,All-Rounder ,8.75,Jason Omar Holder,"November 5, 1991 Barbados","30 Years, 4 Months, 11 Days",West Indies,Right Handed,Right-arm medium fast,IPL,26.0,16.0,3.0,189.0,47* v PBKS,0.0,0.0,11.0,11.0,14.53,121.15,7.0,0.0,1.0,2.0,26.0,95.5,0.0,786.0,35.0,4/52 v MI,5.0,0.0,22.45,8.2,16.42,26.0,jason holder
Krunal Pandya,LSG,https://sports.ndtv.com/cricket/players/64213-krunal-himashu-pandya-playerprofile,All-Rounder ,8.25,Krunal Himashu Pandya,"March 24, 1991 Ahmedabad, Gujarat","30 Years, 11 Months, 23 Days",India,Left Handed,Slow left-arm orthodox,IPL,84.0,72.0,22.0,1143.0,86 v DC,0.0,1.0,105.0,46.0,22.86,138.54,28.0,0.0,6.0,4.0,81.0,240.4,0.0,1773.0,51.0,3/14 v GL,4.0,0.0,34.76,7.36,28.31,81.0,krunal pandya
Mark Wood,LSG,https://sports.ndtv.com/cricket/players/51060-mark-andrew-wood-playerprofile,Bowler ,7.5,Mark Andrew Wood,"January 11, 1990 Ashington, Northumberland","32 Years, 2 Months, 4 Days",England,Right Handed,Right-arm fast,IPL,1.0,1.0,0.0,1.0,1 v MI,0.0,0.0,0.0,0.0,1.0,33.33,1.0,0.0,0.0,0.0,1.0,4.0,0.0,49.0,0.0,0/49 v MI,0.0,0.0,,12.25,,1.0,mark wood
Quinton de Kock,LSG,https://sports.ndtv.com/cricket/players/1577-quinton-de-kock-playerprofile,Wicket-Keeper ,6.75,Quinton de Kock,"December 17, 1992 Johannesburg, Gauteng","29 Years, 2 Months, 29 Days",South Africa,Left Handed,,,77.0,77.0,5.0,2256.0,108 v RCB,1.0,16.0,230.0,83.0,31.33,130.93,53.0,14.0,3.0,3.0,,,,,,,,,,,,,quinton de kock
Deepak Hooda,LSG,https://sports.ndtv.com/cricket/players/64174-deepak-jagbir-hooda-playerprofile,All-Rounder ,5.75,Deepak Jagbir Hooda,"April 19, 1995 Rohtak","26 Years, 10 Months, 27 Days",India,Right Handed,Off break,IPL,80.0,61.0,14.0,785.0,64 v RR,0.0,3.0,41.0,38.0,16.7,129.53,32.0,0.0,3.0,7.0,28.0,54.1,0.0,458.0,9.0,2/16 v KKR,0.0,0.0,50.88,8.45,36.11,28.0,deepak hooda
Manish Pandey,LSG,https://sports.ndtv.com/cricket/players/1045-manish-pandey-playerprofile,Batsman ,4.6,Manish Krishnanand Pandey,"September 10, 1989 Nainital, Uttaranchal","32 Years, 6 Months, 5 Days",India,Right Handed,Right-arm medium,,154.0,143.0,27.0,3560.0,114* v DCH,1.0,21.0,309.0,103.0,30.68,121.83,75.0,0.0,13.0,6.0,,,,,,,,,,,,,manish pandey
Ravi Bishnoi,LSG,https://sports.ndtv.com/cricket/players/112652-ravi-bishnoi-playerprofile,Bowler ,4.0,Ravi Bishnoi,"September 5, 2000 Jodhpur, Rajasthan","21 Years, 6 Months, 10 Days",India,Right Handed,Leg break googly,IPL,23.0,4.0,2.0,8.0,6* v SRH,0.0,0.0,1.0,0.0,4.0,50.0,4.0,0.0,1.0,0.0,23.0,87.0,1.0,606.0,24.0,3/24 v SRH,3.0,0.0,25.25,6.96,21.75,23.0,ravi bishnoi
Evin Lewis,LSG,https://sports.ndtv.com/cricket/players/1682-evin-lewis-playerprofile,Batsman ,2.0,,,,,,,,,,,,,,,,,,,,,,,,,,,,,,,,,,,evin lewis
Dushmantha Chameera,LSG,https://sports.ndtv.com/cricket/players/51217-pathira-vasan-dushmantha-chameera-playerprofile,Bowler ,2.0,Pathira Vasan Dushmantha Chameera,"January 11, 1992 Ragama","30 Years, 2 Months, 5 Days",Sri Lanka,Right Handed,Right-arm fast,,,,,,,,,,,,,,,,,,,,,,,,,,,,,dushmantha chameera
Krishnappa Gowtham,LSG,https://sports.ndtv.com/cricket/players/61268-krishnappa-gowtham-playerprofile,All-Rounder ,0.9,Krishnappa Gowtham,"October 20, 1988 Bangalore, Karnataka","33 Years, 4 Months, 26 Days",India,Right Handed,Off break,IPL,24.0,19.0,6.0,186.0,33* v MI,0.0,0.0,13.0,12.0,14.3,169.09,10.0,0.0,2.0,1.0,24.0,68.0,0.0,562.0,13.0,2/12 v PBKS,0.0,0.0,43.23,8.26,31.38,24.0,krishnappa gowtham
Kyle Mayers,LSG,https://sports.ndtv.com/cricket/players/50992-kyle-r-mayers-playerprofile,All-Rounder ,0.5,Kyle Rico Mayers,"September 8, 1992 Barbados","29 Years, 6 Months, 7 Days",West Indies,Left Handed,Right-arm medium,,,,,,,,,,,,,,,,,,,,,,,,,,,,,kyle mayers
Shahbaz Nadeem,LSG,https://sports.ndtv.com/cricket/players/1395-shahbaz-nadeem-playerprofile,Bowler ,0.5,Shahbaz Nadeem,"August 12, 1989 Bokaro, Bihar, India","32 Years, 7 Months, 3 Days",India,Right Handed,Slow left-arm orthodox,IPL,72.0,22.0,8.0,39.0,6 v PWI,0.0,0.0,2.0,0.0,2.78,44.82,16.0,0.0,9.0,2.0,70.0,235.5,2.0,1784.0,48.0,3/16 v DCH,1.0,0.0,37.16,7.56,29.47,70.0,shahbaz nadeem
Ankit Rajpoot,LSG,https://sports.ndtv.com/cricket/players/1717-ankit-rajpoot-playerprofile,Bowler ,0.5,Ankit Singh Rajpoot,"December 4, 1993 Kanpur","28 Years, 3 Months, 11 Days",India,Right Handed,Right-arm fast,IPL,29.0,7.0,2.0,26.0,8 v SRH,0.0,0.0,2.0,1.0,5.2,63.41,4.0,0.0,0.0,1.0,29.0,88.1,1.0,814.0,24.0,5/14 v SRH,1.0,1.0,33.91,9.23,22.04,29.0,ankit rajpoot
Mohsin Khan,LSG,https://sports.ndtv.com/cricket/players/110599-mohsin-khan-playerprofile,Bowler ,0.2,Mohsin Khan,"July 15, 1998 Sambhal, Uttar Pradesh","23 Years, 8 Months, 0 Days",India,Left Handed,Left-arm medium fast,,,,,,,,,,,,,,,,,,,,,,,,,,,,,mohsin khan
Ayush Badoni,LSG,https://sports.ndtv.com/cricket/players/113432-ayush-badoni-playerprofile,All-Rounder ,0.2,Ayush Badoni,"December 3, 1999 Delhi","22 Years, 3 Months, 13 Days",India,Right Handed,Off break,,,,,,,,,,,,,,,,,,,,,,,,,,,,,ayush badoni
Karan Sharma,LSG,https://sports.ndtv.com/cricket/players/113438-karan-sharma-playerprofile,All-Rounder ,0.2,Karan Sharma,"October 31, 1998 ","23 Years, 4 Months, 15 Days",India,Right Handed,Off break,,,,,,,,,,,,,,,,,,,,,,,,,,,,,karan sharma
Mayank Yadav,LSG,https://sports.ndtv.com/cricket/players/115355-mayank-yadav-playerprofile,Bowler ,0.2,Mayank Prabhu Yadav,"June 17, 2002 New Delhi","19 Years, 8 Months, 28 Days",India,Right Handed,Right-arm medium fast,,,,,,,,,,,,,,,,,,,,,,,,,,,,,mayank yadav
Manan Vohra,LSG,https://sports.ndtv.com/cricket/players/1689-manan-vohra-playerprofile,Batsman ,0.2,Manan Vohra,"July 18, 1993 Chandigarh, Punjab","28 Years, 7 Months, 28 Days",India,Right Handed,Right-arm medium,,53.0,49.0,2.0,1054.0,95 v SRH,0.0,3.0,102.0,41.0,22.42,130.6,13.0,0.0,3.0,4.0,,,,,,,,,,,,,manan vohra
Rashid Khan,GT,https://sports.ndtv.com/cricket/players/107477-rashid-khan-playerprofile,Bowler ,15.0,Rashid Khan Arman,"September 20, 1998 Nangarhar","23 Years, 5 Months, 25 Days",Afghanistan,Right Handed,Leg break googly,IPL,76.0,35.0,11.0,222.0,34* v KKR,0.0,0.0,17.0,13.0,9.25,137.03,20.0,0.0,11.0,2.0,76.0,302.0,4.0,1912.0,93.0,3/7 v DC,10.0,0.0,20.55,6.33,19.48,76.0,rashid khan
Hardik Pandya,GT,https://sports.ndtv.com/cricket/players/64177-hardik-himanshu-pandya-playerprofile,All-Rounder ,15.0,Hardik Himanshu Pandya,"October 11, 1993 Choryasi, Gujarat","28 Years, 5 Months, 4 Days",India,Right Handed,Right-arm medium fast,IPL,92.0,85.0,31.0,1476.0,91 v KKR,0.0,4.0,97.0,98.0,27.33,153.91,53.0,0.0,5.0,1.0,60.0,144.5,0.0,1313.0,42.0,3/20 v CSK,3.0,0.0,31.26,9.06,20.69,60.0,hardik pandya
Lockie Ferguson,GT,https://sports.ndtv.com/cricket/players/64149-lachlan-hammond-ferguson-playerprofile,Bowler ,10.0,Lachlan Hammond Ferguson,"June 13, 1991 Auckland","30 Years, 9 Months, 3 Days",New Zealand,Right Handed,Right-arm fast,IPL,22.0,6.0,6.0,62.0,24* v PBKS,0.0,0.0,5.0,2.0,,151.22,3.0,0.0,2.0,0.0,22.0,79.5,1.0,648.0,24.0,3/15 v SRH,2.0,0.0,27.0,8.11,19.95,22.0,lockie ferguson
Rahul Tewatia,GT,https://sports.ndtv.com/cricket/players/64845-rahul-tewatia-playerprofile,All-Rounder ,9.0,,,,,,,,,,,,,,,,,,,,,,,,,,,,,,,,,,,rahul tewatia
Shubman Gill,GT,https://sports.ndtv.com/cricket/players/108578-shubman-gill-playerprofile,Batsman ,8.0,Shubman Gill,"September 8, 1999 Fazilka, Punjab","22 Years, 6 Months, 8 Days",India,Right Handed,Off break,,58.0,55.0,10.0,1417.0,76 v MI,0.0,10.0,137.0,36.0,31.48,123.0,23.0,0.0,2.0,6.0,,,,,,,,,,,,,shubman gill
Mohammed Shami,GT,https://sports.ndtv.com/cricket/players/1580-shami-ahmed-playerprofile,Bowler ,6.25,Mohammed Shami Ahmed,"September 3, 1990 Amroha, Uttar Pradesh","31 Years, 6 Months, 12 Days",India,Right Handed,Right-arm fast,IPL,77.0,23.0,12.0,69.0,21 v RCB,0.0,0.0,5.0,2.0,6.27,94.52,11.0,0.0,7.0,2.0,77.0,278.2,1.0,2402.0,79.0,3/15 v DC,6.0,0.0,30.4,8.62,21.13,77.0,mohammed shami
Yash Dayal,GT,https://sports.ndtv.com/cricket/players/115307-yash-dayal-playerprofile,Bowler ,3.2,Yash Dayal,"December 13, 1997 ","24 Years, 3 Months, 2 Days",India,Left Handed,Left-arm medium fast,,,,,,,,,,,,,,,,,,,,,,,,,,,,,yash dayal
Ravisrinivasan Sai Kishore,GT,https://sports.ndtv.com/cricket/players/107511-ravisrinivasan-sai-kishore-playerprofile,Bowler ,3.0,Ravisrinivasan Sai Kishore,"November 6, 1996 Chennai, Tamil Nadu","25 Years, 4 Months, 9 Days",India,Left Handed,Slow left-arm orthodox,,,,,,,,,,,,,,,,,,,,,,,,,,,,,ravisrinivasan sai kishore
David Miller,GT,https://sports.ndtv.com/cricket/players/1274-david-miller-playerprofile,Batsman ,3.0,David Andrew Miller,"June 10, 1989 Pietermaritzburg, Natal","32 Years, 9 Months, 5 Days",South Africa,Left Handed,Off break,,89.0,86.0,26.0,1974.0,101* v RCB,1.0,10.0,137.0,90.0,32.9,136.51,53.0,0.0,3.0,3.0,,,,,,,,,,,,,david miller
Abhinav Manohar,GT,https://sports.ndtv.com/cricket/players/64145-abhinav-manohar-playerprofile,Batsman ,2.6,Abhinav Manohar Sadarangani,"September 16, 1994 Bangalore","27 Years, 6 Months, -1 Days",India,Right Handed,Leg break googly,,,,,,,,,,,,,,,,,,,,,,,,,,,,,abhinav manohar
Alzarri Joseph,GT,https://sports.ndtv.com/cricket/players/64674-alzarri-joseph-playerprofile,Bowler ,2.4,Alzarri Shaheim Joseph,"November 20, 1996 Antigua","25 Years, 3 Months, 25 Days",West Indies,Right Handed,Right-arm fast medium,IPL,3.0,2.0,2.0,15.0,15* v PBKS,0.0,0.0,2.0,0.0,,115.38,1.0,0.0,1.0,0.0,3.0,8.4,1.0,87.0,6.0,6/12 v SRH,0.0,1.0,14.5,10.03,8.66,3.0,alzarri joseph
Matthew Wade,GT,https://sports.ndtv.com/cricket/players/1010-matthew-wade-playerprofile,Wicket-Keeper ,2.4,Matthew Scott Wade,"December 26, 1987 Hobart, Tasmania","34 Years, 2 Months, 21 Days",Australia,Left Handed,Right-arm medium,,3.0,3.0,0.0,22.0,11 v PWI,0.0,0.0,0.0,0.0,7.33,66.66,,,0.0,0.0,,,,,,,,,,,,,matthew wade
Jason Roy,GT,https://sports.ndtv.com/cricket/players/16312-jason-jonathan-roy-playerprofile,Batsman ,2.0,Jason Jonathan Roy,"July 21, 1990 Durban, South Africa","31 Years, 7 Months, 25 Days",England,Right Handed,,,13.0,13.0,2.0,329.0,91* v MI,0.0,2.0,39.0,9.0,29.9,129.02,8.0,0.0,0.0,0.0,,,,,,,,,,,,,jason roy
Wriddhiman Saha,GT,https://sports.ndtv.com/cricket/players/1088-wriddhiman-saha-playerprofile,Wicket-Keeper ,1.9,Wriddhiman Prasanta Saha,"October 24, 1984 Shaktigarh","37 Years, 4 Months, 22 Days",India,Right Handed,,,133.0,108.0,22.0,2110.0,115* v KKR,1.0,8.0,191.0,69.0,24.53,128.73,69.0,20.0,6.0,8.0,,,,,,,,,,,,,wriddhiman saha
Jayant Yadav,GT,https://sports.ndtv.com/cricket/players/60086-jayant-yadav-playerprofile,All-Rounder ,1.7,Jayant Yadav,"January 22, 1990 Delhi","32 Years, 1 Months, 21 Days",India,Right Handed,Off break,IPL,19.0,5.0,1.0,40.0,23 v DC,0.0,0.0,2.0,1.0,10.0,111.11,6.0,0.0,1.0,2.0,19.0,61.0,0.0,419.0,8.0,1/8 v CSK,0.0,0.0,52.37,6.86,45.75,19.0,jayant yadav
Vijay Shankar,GT,https://sports.ndtv.com/cricket/players/62197-vijay-shankar-playerprofile,All-Rounder ,1.4,Vijay Shankar,"January 26, 1991 Tirunelveli, Tamil Nadu","31 Years, 1 Months, 18 Days",India,Right Handed,Right-arm medium,IPL,47.0,39.0,12.0,712.0,63* v GL,0.0,3.0,45.0,28.0,26.37,126.24,21.0,0.0,3.0,1.0,20.0,38.1,0.0,329.0,9.0,2/19 v MI,0.0,0.0,36.55,8.62,25.44,20.0,vijay shankar
Dominic Drakes,GT,https://sports.ndtv.com/cricket/players/114349-dominic-drakes-playerprofile,All-Rounder ,1.1,Dominic Conneil Drakes,"February 6, 1998 ","24 Years, 1 Months, 6 Days",West Indies,Left Handed,Left-arm fast medium,,,,,,,,,,,,,,,,,,,,,,,,,,,,,dominic drakes
Varun Aaron,GT,https://sports.ndtv.com/cricket/players/1252-varun-aaron-playerprofile,Bowler ,0.5,Varun Raymond Aaron,"October 29, 1989 Singhbhum, Bihar (now Jharkhand)","32 Years, 4 Months, 17 Days",India,Right Handed,Right-arm fast,IPL,50.0,13.0,8.0,50.0,17* v PBKS,0.0,0.0,2.0,2.0,10.0,69.44,3.0,0.0,5.0,2.0,48.0,160.4,2.0,1429.0,42.0,3/16 v KKR,1.0,0.0,34.02,8.89,22.95,48.0,varun aaron
Gurkeerat Singh Mann,GT,https://sports.ndtv.com/cricket/players/1661-gurkeerat-singh-playerprofile,All-Rounder ,0.5,Gurkeerat Rupinder Singh,"June 29, 1990 Muktsar, Punjab","31 Years, 8 Months, 16 Days",India,Right Handed,Off break,IPL,41.0,32.0,8.0,511.0,65 v SRH,0.0,2.0,55.0,11.0,21.29,121.09,19.0,1.0,4.0,1.0,6.0,13.0,0.0,97.0,5.0,2/15 v RPS,0.0,0.0,19.4,7.46,15.6,6.0,gurkeerat singh mann
Noor Ahmad,GT,https://sports.ndtv.com/cricket/players/112545-noor-ahmad-playerprofile,Bowler ,0.3,Noor Ahmad Lakanwal,"January 3, 2005 ","17 Years, 2 Months, 12 Days",Afghanistan,Right Handed,Slow left-arm chinaman,,,,,,,,,,,,,,,,,,,,,,,,,,,,,noor ahmad
Darshan Nalkande,GT,https://sports.ndtv.com/cricket/players/110589-darshan-nalkande-playerprofile,All-Rounder ,0.2,Darshan Girish Nalkande,"October 4, 1998 Wardha, Maharashtra","23 Years, 5 Months, 11 Days",India,Right Handed,Right-arm fast medium,,,,,,,,,,,,,,,,,,,,,,,,,,,,,darshan nalkande
Sai Sudharsan,GT,https://sports.ndtv.com/cricket/players/115302-sai-sudharsan-playerprofile,All-Rounder ,0.2,Bhardwaj Sai Sudharsan,"October 15, 2001 ","20 Years, 5 Months, 0 Days",India,Left Handed,Leg break,,,,,,,,,,,,,,,,,,,,,,,,,,,,,sai sudharsan
Pradeep Sangwan,GT,https://sports.ndtv.com/cricket/players/1047-pradeep-sangwan-playerprofile,All-Rounder ,0.2,Pradeep Jaibeer Sangwan,"November 5, 1990 Rasiwas, Delhi","31 Years, 4 Months, 10 Days",India,Right Handed,Left-arm medium,IPL,39.0,14.0,7.0,24.0,6* v MI,0.0,0.0,1.0,0.0,3.42,61.53,6.0,0.0,6.0,1.0,39.0,133.4,1.0,1175.0,35.0,3/18 v DCH,3.0,0.0,33.57,8.79,22.91,39.0,pradeep sangwan
